SMILES,Label,Set
CCc1c(Cl)c(O)c(Cl)c(O)c1C(=O)OC1C(C)OC(OCC2=CC=CCC(O)C(C)=CC(CC)C(OC3OC(C)(C)C(OC(=O)C(C)C)C(O)C3O)C(C)=CC(C)=CCC(C(C)O)OC2=O)C(OC)C1O,0,Training
CCOc1ccc(NC(C)=O)cc1,1,Training
COc1cc2c(c(OC)c1OC)-c1c(cc3c(c1OC)OCO3)CC(C)C(C)(O)C2OC(=O)c1ccccc1,0,Training
Cc1cc(C#N)cc(C)c1Oc1nc(Nc2ccc(C#N)cc2)nc(N)c1Br,1,Training
CC(O)CN1CCN(CC(=O)O)CCN(CC(=O)O)CCN(CC(=O)O)CC1,0,Training
CC(=O)C1(O)CCC2C3=CC(C)=C4CC(=O)CCC4(C)C3CCC21C,0,Training
CC1=CCC2CC1C2(C)C,0,Training
Nc1nc(Cl)nc2c1ncn2C1CC(O)C(CO)O1,1,Training
O=C(Nc1ccccc1)Nc1cnns1,1,Training
CC1(C)C(C=C(Cl)Cl)C1C(=O)OC(C#N)c1ccc(F)c(Oc2ccccc2)c1,1,Training
CC1(Cn2ccnn2)C(C(=O)O)N2C(=O)CC2S1(=O)=O,1,Training
CC1(C)OC2CC(=O)OCC23C1CC(=O)C1(C)C3CCC2(C)C(c3ccoc3)OC(=O)C3OC321,1,Training
ClC1(Cl)C2(Cl)C3(Cl)C4(Cl)C(Cl)(Cl)C5(Cl)C3(Cl)C1(Cl)C5(Cl)C24Cl,1,Training
C#CC1(O)CCC2C3CCC4=CCCCC4C3C(=C)CC21CC,0,Training
CCCOc1ccc(C(=O)OCCN(CC)CC)cc1N,0,Training
CCOC(=O)OC1(C(=O)OCCl)CCC2C3CC=C4CC(=O)C=CC4(C)C3C(O)CC21C,0,Training
CC1COc2c(N3CCN(C)CC3)c(F)cc3c(=O)c(C(=O)O)cn1c23,1,Training
CON=C(C(=O)NC1C(=O)N2C(C(=O)[O-])=C(C[N+]3(C)CCCC3)CSC12)c1csc(N)n1,1,Training
CNCC(O)c1ccc(OC(=O)C(C)(C)C)c(OC(=O)C(C)(C)C)c1,0,Training
C=CCc1ccc(OC)c(OC)c1,1,Training
COc1cc2c(c(OC)c1OC)-c1c(cc3c(c1OC)OCO3)CC(C)C(C)(O)C2,0,Training
CCOC(=O)C(CCc1ccccc1)NC1CCCN2CCCC(C(=O)O)N2C1=O,0,Training
Nc1nc(=O)c2c(CCc3ccc(C(=O)NC(CCC(=O)O)C(=O)O)cc3)c[nH]c2[nH]1,1,Training
Cc1onc(-c2ccccc2)c1C(=O)NC1C(=O)N2C1SC(C)(C)C2C(=O)O,0,Training
CNc1ccc(C=Cc2ccc(OCCOCCOCC[18F])cc2)cc1,0,Training
CC(C)(Oc1ccc(C(=O)c2ccc(Cl)cc2)cc1)C(=O)O,1,Training
COC(=O)C1C(c2ccc(I)cc2)CC2CCC1N2CCCF,0,Training
COCC(C)N(C(=O)CCl)c1c(C)csc1C,1,Training
NCC1OC(OC2C(N)CC(N)C(OC3OC(CO)C(O)C(N)C3O)C2O)C(O)C(O)C1O,1,Training
CSCCC(NC(=O)C(CO)NC(=O)C(Cc1ccc(O)cc1)NC(=O)C(N)CO)C(=O)NC(CCC(=O)O)C(=O)NC(Cc1c[nH]cn1)C(=O)NC(Cc1ccccc1)C(=O)NC(CCCN=C(N)N)C(=O)NC(Cc1c[nH]c2ccccc12)C(=O)NCC(=O)NC(CCCCN)C(=O)N1CCCC1C(=O)NC(C(=O)NCC(=O)NC(CCCCN)C(=O)NC(CCCCN)C(=O)NC(CCCNC(=N)N)C(=O)NC(CCCNC(=N)N)C(=O)N1CCCC1C(=O)NC(C(=O)NC(CCCCN)C(=O)NC(C(=O)NC(Cc1ccc(O)cc1)C(=O)N1CCCC1C(=O)O)C(C)C)C(C)C)C(C)C,0,Training
CC(C)(C)c1cc(C(C)(C)C)c(NC(=O)c2c[nH]c3ccccc3c2=O)cc1O,0,Training
Clc1ccc(Nc2nnc(Cc3ccncc3)c3ccccc23)cc1,0,Training
COc1ccc(CCOC2OC(CO)C(OC(=O)C=Cc3ccc(O)c(OC)c3)C(OC3OC(C)C(O)C(O)C3O)C2O)cc1O,0,Training
CON=C(C(=O)NC1C(=O)N2C(C(=O)O)=C(COC(N)=O)CSC12)c1ccco1,1,Training
C=CC1=C(C(=O)O)N2C(=O)C(=NC(=O)C(NOCC(=O)O)c3csc(N)n3)C2SC1,1,Training
N#CC(=C1SCC(c2ccc(Cl)cc2Cl)S1)n1ccnc1,0,Training
COC(=O)C=CC(=O)O,0,Training
O=c1[nH]c(=O)[nH]c(=O)[nH]1,1,Training
CCC1OC(=O)C(C)C(OC2CC(C)(OC)C(O)C(C)O2)C(C)C(OC2OC(C)CC(N(C)C)C2O)C(C)(O)CC(C)CN(C)C(C)C(O)C1(C)O,1,Training
CCCCCCCCCc1ccccc1O,1,Training
Cc1cc(C2CC2)nc(Nc2ccccc2)n1,1,Training
COc1c(C)c2c(c(O)c1CC=C(C)CCC(=O)OCCN1CCOCC1)C(=O)OC2,1,Training
O=S1OCC2C(CO1)C1(Cl)C(Cl)=C(Cl)C2(Cl)C1(Cl)Cl,1,Training
COc1ccc(C(=O)c2ccccc2)c(O)c1,1,Training
C=CCC1=C(C)C(OC(=O)C2C(C=C(C)C)C2(C)C)CC1=O,1,Training
C=CCN1CCC23c4c5ccc(O)c4OC2C(=O)CCC3(O)C1C5,0,Training
CC(OC(=O)NCC1(CC(=O)O)CCCCC1)OC(=O)C(C)C,0,Training
COc1cc2nc(N3CCN(C(=O)c4ccco4)CC3)nc(N)c2cc1OC,0,Training
CC(=O)NC1C(OC2C(CO)OC(O)C(NC(C)=O)C2OC2OC(C)C(O)C(O)C2O)OC(CO)C(OC2OC(COC3OC(CO)C(O)C(O)C3O)C(O)C(O)C2OC2OCC(O)C(O)C2O)C1O,0,Training
CCCCCC(C)(O)C=CC1C(O)CC(O)C1CC=CCCCC(=O)O,0,Training
c1ccc(C2CCNCC2COc2ccc3c(c2)OCO3)cc1,1,Training
Cc1c(OCC(F)(F)F)ccnc1C[S+]([O-])c1nc2ccccc2[nH]1,1,Training
COc1cc2c(cc1OC)C(Cc1cc(OC)c(OC)c(OC)c1)[N+](C)(CCCOC(=O)CCC=CCCC(=O)OCCC[N+]1(C)CCc3cc(OC)c(OC)cc3C1Cc1cc(OC)c(OC)c(OC)c1)CC2,0,Training
CCC(C)C(=O)OC1CC(O)C=C2C=CC(C)C(CCC(O)CC(O)CC(=O)O)C21,1,Training
CCOc1nc(F)cc2nc(S(=O)(=O)Nc3c(Cl)cccc3C(=O)OC)nn12,1,Training
O=c1[nH]c(=O)n(C2CCCO2)cc1F,0,Training
CCCCCCCCCCCC(CC1OC(=O)C1CCCCCC)OC(=O)C(CC(C)C)NC=O,1,Training
Oc1c(Cl)c(Cl)c(Cl)c(Cl)c1Cl,1,Training
O=c1[nH]c(=O)n(C2CC(O)C(CO)O2)cc1C(F)(F)F,0,Training
C(=Cc1cccs1)c1cc[nH]n1,0,Training
CON=C(C(=O)NC1C(=O)N2C(C(=O)OCOC(=O)C(C)(C)C)=C(C=Cc3scnc3C)CSC12)c1csc(N)n1,1,Training
CC(O)C(C)(C)C,1,Training
CN1C(C([O-])=Nc2ccccn2)C(=O)c2ccccc2S1(=O)=O,1,Training
Cn1nnc(-c2ccc(-c3ccc(N4CC(CO)OC4=O)cc3F)cn2)n1,0,Training
CCC(=O)NCCC1CCc2ccc3c(c21)CCO3,0,Training
N#Cc1c(N(CC(=O)O)CC(=O)O)sc(C(=O)O)c1CC(=O)O,0,Training
CC(C)NCC(O)c1ccc(NS(C)(=O)=O)cc1,0,Training
O=C1CCC2(O)C3Cc4ccc(O)c5c4C2(CCN3CC2CC2)C1O5,0,Training
CN(C)c1ccc(O)c2c1CC1CC3C(N(C)C)C(=O)C(C(N)=O)C(=O)C3(O)C(=O)C1C2=O,1,Training
CCC(C)(C)C(=O)OC1CC(C)C=C2C=CC(C)C(CCC3CC(O)CC(=O)O3)C21,0,Training
O=C(O)C1(C(=O)Nc2ccc(Cl)cc2Cl)CC1,1,Training
CC(=O)CC(c1ccccc1)c1c(O)c2ccccc2oc1=O,0,Training
COC(=O)C(c1ccccc1Cl)N1CCc2sccc2C1,1,Training
CCCCC1=NC2(CCCC2)C(=O)N1Cc1ccc(-c2ccccc2-c2nn[nH]n2)cc1,1,Training
CCCS(=O)(=O)Nc1ccc(F)c(C(=O)c2c[nH]c3ncc(-c4ccc(Cl)cc4)cc23)c1F,0,Training
CC(CCC(=O)O)C1CC(=O)C2(C)C3C(O)CC4C(C)(C)C(=O)CCC4(C)C3C(=O)C(=O)C12C,0,Training
CCC1C(O)C2C3CCC(C(C)CCC(=O)O)C3(C)CCC2C2(C)CCC(O)CC12,0,Training
CNc1ccc(-c2nc3ccc(O)cc3s2)cc1F,0,Training
NCCNCCNCCN,0,Training
O=C1OC2COC(=O)c3cc(O)c(O)c(O)c3-c3c(cc(O)c(O)c3O)C(=O)OC2C(OC(=O)c2cc(O)c(O)c(O)c2)=C1OC(=O)c1cc(O)c(O)c(O)c1,0,Training
CCC(C)C(NC(=O)C(CC(=O)O)NC(=O)C(CC(C)C)NC(=O)C(CC(C)C)NC(=O)C(CCCCN)NC(=O)C(CCCN=C(N)N)NC(=O)C(CC(N)=O)NC(=O)C(CO)NC(=O)C(Cc1cnc[nH]1)NC(=O)C(C)NC(=O)C(CCC(N)=O)NC(=O)C(CCC(N)=O)NC(=O)C(C)NC(=O)C(CC(C)C)NC(=O)C(CCC(N)=O)NC(=O)C(CC(=O)O)NC(=O)C(C)NC(=O)C(CCCCN)NC(=O)C(NC(=O)C(CCSC)NC(=O)C(CCC(=O)O)NC(=O)C(CC(C)C)NC(=O)C(NC(=O)C(CCC(=O)O)NC(=O)C(CCCNC(=N)N)NC(=O)C(CC(C)C)NC(=O)C(CC(C)C)NC(=O)C(Cc1cnc[nH]1)NC(=O)C(Cc1ccccc1)NC(=O)C(NC(=O)C(CC(C)C)NC(=O)C(CC(=O)O)NC(=O)C(CC(C)C)NC(=O)C(CO)NC(=O)C(NC(=O)C1CCCN1C(=O)C1CCCN1C(=O)C(CCC(=O)O)NC(=O)C(CCC(N)=O)NC(=O)C(N)CO)C(C)CC)C(C)O)C(C)C)C(C)O)C(=O)NC(C)C(N)=O,0,Training
CNC(CC(C)C)C(=O)NC1C(=O)NC(CC(N)=O)C(=O)NC2C(=O)NC3C(=O)NC(C(=O)NC(C(=O)O)c4cc(O)cc(O)c4-c4cc3ccc4O)C(O)c3ccc(c(Cl)c3)Oc3cc2cc(c3OC2OC(CO)C(O)C(O)C2OC2CC(C)(N)C(O)C(C)O2)Oc2ccc(cc2Cl)C1O,1,Training
Cc1cc2c(s1)Nc1ccccc1N=C2N1CCN(C)CC1,1,Training
CCOc1ccc(CC(CN(CCN(CC(=O)[O-])CC(=O)[O-])CC(=O)[O-])N(CC(=O)[O-])CC(=O)[O-])cc1.[Gd+3].[H+].[H+],0,Training
CON=C(C(=O)NC1C(=O)N2C(C(=O)O)=C(COC(C)=O)CSC12)c1csc(N)n1,1,Training
N=C(N)N=C(N)N,0,Training
CCN1CCCC1CNC(=O)c1cc(S(=O)(=O)CC)c(N)cc1OC,0,Training
O=C([O-])COCC[NH+]1CC[NH+](C(c2ccccc2)c2ccc(Cl)cc2)CC1,1,Training
N#CCNC(=O)c1cnccc1C(F)(F)F,1,Training
CC(C)c1c(C(=O)Nc2ccccc2)c(-c2ccccc2)c(-c2ccc(F)cc2)n1CCC(O)CC(O)CC(=O)[O-],1,Training
CCCC(C)C1(CC)C(=O)NC(=O)NC1=O,0,Training
CNCC(O)c1cccc(O)c1,0,Training
CC(NCCCc1cccc(C(F)(F)F)c1)c1cccc2ccccc12,1,Training
CC(=O)Nc1ccccc1,1,Training
C[N+](C)(C)CC(=O)O,0,Training
CC(=O)NC(CS)C(=O)O,0,Training
CCC(C)C(NC(=O)C(Cc1ccccc1)NC(=O)C(CC(C)C)NC(=O)C(CCCN=C(N)N)NC(=O)C(NC(=O)C(C)NC(=O)C(CCC(=O)O)NC(=O)C(CCC(=O)O)NC(=O)C(CCC(=O)O)NC(=O)C(CCSC)NC(=O)C(CCC(N)=O)NC(=O)C(CCCCN)NC(=O)C(CO)NC(=O)C(CC(C)C)NC(=O)C(CC(=O)O)NC(=O)C(CO)NC(=O)C(NC(=O)C(Cc1ccccc1)NC(=O)C(NC(=O)CNC(=O)C(CCC(=O)O)NC(=O)CNC(=O)C(N)Cc1cnc[nH]1)C(C)O)C(C)O)C(C)C)C(=O)NC(CCC(=O)O)C(=O)NC(Cc1c[nH]c2ccccc12)C(=O)NC(CC(C)C)C(=O)NC(CCCCN)C(=O)NC(CC(N)=O)C(=O)NCC(=O)NCC(=O)N1CCCC1C(=O)NC(CO)C(=O)NC(CO)C(=O)NCC(=O)NC(C)C(=O)N1CCCC1C(=O)N1CCCC1C(=O)NC(CO)C(=O)NC(CCCCN)C(=O)NC(CCCCN)C(=O)NC(CCCCN)C(=O)NC(CCCCN)C(=O)NC(CCCCN)C(=O)NC(CCCCN)C(N)=O,0,Training
CC1=C(C(C)O)c2cc3nc(cc4[nH]c(cc5[nH]c(cc1n2)c(C)c5CCC(=O)O)c(CCC(=O)O)c4C)C(C(C)OC(C)C1=C(C)c2cc4[nH]c(cc5[nH]c(cc6nc(cc1n2)C(C)=C6C(C)O)c(C)c5CCC(=O)O)c(CCC(=O)O)c4C)=C3C,0,Training
CCCNS(=O)(=O)Nc1ncnc(OCCOc2ncc(Br)cn2)c1-c1ccc(Br)cc1,0,Training
Nc1ccc(S(=O)(=[OH+])Nc2ncccn2)cc1,0,Training
COC1OC(COS(=O)(=O)O)C(OC2OC(C(=O)O)C(OC3OC(COS(=O)(=O)O)C(OC4OC(C(=O)O)C(OC5OC(COS(=O)(=O)O)C(O)C(O)C5NS(=O)(=O)O)C(O)C4O)C(OS(=O)(=O)O)C3NS(=O)(=O)O)C(O)C2OS(=O)(=O)O)C(O)C1NS(=O)(=O)O,0,Training
COc1cc2nc(N3CCN(C(=O)C4COc5ccccc5O4)CC3)nc(N)c2cc1OC,1,Training
Nc1cccc2c1CN(C1CCC(=O)NC1=O)C2=O,1,Training
O=C(CCCc1ccccc1)OCC(COC(=O)CCCc1ccccc1)OC(=O)CCCc1ccccc1,0,Training
O=C(O)c1cc(O)c2c(O)c3c(OC4OC(CO)C(O)C(O)C4O)cccc3c(-c3c4cc(C(=O)O)cc(O)c4c(O)c4c(OC5OC(CO)C(O)C(O)C5O)cccc34)c2c1,0,Training
CCn1nc(C(=O)O)c(=O)c2cc3c(cc21)OCO3,0,Training
CON=C(C(=O)NC1C(=O)N2C(C(=O)O)=C(CSc3nc(=O)c(=O)[nH]n3C)CSC12)c1csc(N)n1,1,Training
O=C1c2c(O)cc(O)cc2OC(c2ccc(O)cc2)C1C1C(=O)c2c(O)cc(O)cc2OC1c1ccc(O)cc1,1,Training
COc1ccc(CN(CCN(C)C)c2ccccn2)cc1,0,Training
CC1CC2C3CC=C4CC(=O)C=CC4(C)C3(F)C(O)CC2(C)C1(O)C(=O)COP(=O)(O)O,0,Training
CNC(C)Cc1ccccc1,0,Training
OCCOCCN1CCN(C(c2ccccc2)c2ccc(Cl)cc2)CC1,0,Training
NNC(=O)c1ccncc1,0,Training
CNc1ccc(C=Cc2ccc(OCCOCCOCC[18F])nc2)cc1,0,Training
Cc1cn(-c2cc(NC(=O)c3ccc(C)c(Nc4nccc(-c5cccnc5)n4)c3)cc(C(F)(F)F)c2)cn1,1,Training
CC(C)C12OC1C1OC13C1(C)CCC4=C(COC4=O)C1CC1OC13C2=O,1,Training
COc1cccc2c1cc([N+](=O)[O-])c1c(C(=O)O)cc3c(c12)OCO3,1,Training
CON(C)C(=O)Nc1ccc(Cl)c(Cl)c1,1,Training
O=C(O)c1cn(C2CC2)c2cc(N3CCNCC3)c(F)cc2c1=O,1,Training
Cc1cccc(Nc2ccccc2C(=O)O)c1C,1,Training
COc1ccc(-c2cc(=O)c3c(O)cc(O)c(-c4cc(-c5cc(=O)c6c(O)cc(OC)cc6o5)ccc4OC)c3o2)cc1,1,Training
O=C([O-])P(=O)([O-])[O-],1,Training
C=CC(C)(O)CCC=C(C)C,0,Training
CC1OC(OC2C(OC3C(OC4CCC5(C)C(CCC6(C)C5CC=C5C7CC(C)(C)CC(O)C7(C)CCC56C)C4(C)CO)OC(C(=O)O)C(O)C3O)OC(CO)C(O)C2O)C(O)C(O)C1O,0,Training
CC1OC(OCC2OC(Oc3c(-c4ccc(OCCO)c(OCCO)c4)oc4cc(OCCO)cc(O)c4c3=O)C(O)C(O)C2O)C(O)C(O)C1O,0,Training
CCc1cc2c(cc1CC)CC(NCC(O)c1ccc(O)c3[nH]c(=O)ccc13)C2,0,Training
CS(=O)(=O)OCCCCOS(C)(=O)=O,1,Training
Nc1ncnc2c1ncn2C1OC(COP(=O)(O)O)C(O)C1O,0,Training
CC(C=CC1=C(C)CCCC1(C)C)=CC=CC(C)=CC(=O)Nc1ccc(O)cc1,0,Training
COc1cnc(OC)n2nc(NS(=O)(=O)c3c(OCC(F)F)cccc3C(F)(F)F)nc12,1,Training
CN1CCC23c4ccccc4NC1C21CCN(C)C3Nc2ccccc21,1,Training
CN(C)C(=O)C(CCN1CCC(O)(c2ccc(Cl)cc2)CC1)(c1ccccc1)c1ccccc1,0,Training
N#Cc1c(Cl)c(Cl)c(Cl)c(C#N)c1Cl,1,Training
CNc1cnn(-c2cccc(C(F)(F)F)c2)c(=O)c1Cl,1,Training
C=C(c1ccc(C(=O)O)cc1)c1cc2c(cc1C)C(C)(C)CCC2(C)C,1,Training
Cc1ccccc1COC1CC2(C(C)C)CCC1(C)O2,1,Training
O=C(O)CCCN1CCC(OC(c2ccc(Cl)cc2)c2ccccn2)CC1,0,Training
Nc1ccn(C2OC(CO)C(O)C2(F)F)c(=O)n1,1,Training
O=c1c(OC2OC(CO)C(O)C(O)C2O)c(-c2ccc(O)cc2)oc2cc(O)cc(O)c12,0,Training
CSCCC1NC(=O)C(CC(C)C)NC(=O)C(CCCN=C(N)N)NC(=O)C(CO)NC(=O)C2CSSCC3NC(=O)C(CO)NC(=O)CNC(=O)C(C(C)O)NC(=O)C(CSSCC(N)C(=O)NC(CCCCN)C(=O)NCC(=O)NC(CCCCN)C(=O)NCC(=O)NC(C)C(=O)NC(CCCCN)C(=O)N2)NC(=O)C(CSSCC(C(N)=O)NC(=O)C(CCCCN)NC(=O)CNC(=O)C(CO)NC(=O)C(CCCNC(=N)N)NC3=O)NC(=O)C(CC(=O)O)NC(=O)C(Cc2ccc(O)cc2)NC1=O,1,Training
CCc1cc(C(N)=S)ccn1,0,Training
CC(C)CN(CC(O)C(Cc1ccccc1)NC(=O)OC1COC2OCCC12)S(=O)(=O)c1ccc(N)cc1,1,Training
C=Cc1ccccc1S(=O)(=O)O,0,Training
O=c1ccn(C2OC(COP(=O)(O)OC3C(CO)OC(n4ccc(=O)[nH]c4=O)C3O)C(O)C2O)c(=O)[nH]1,0,Training
CC(C)CC(NC(=O)C(CCc1ccccc1)NC(=O)CN1CCOCC1)C(=O)NC(Cc1ccccc1)C(=O)NC(CC(C)C)C(=O)C1(C)CO1,1,Training
CCCCC(CC)Cn1c(O)c2c(c1O)C1C=CC2C1,1,Training
CC(=O)OCC(=O)C1(O)CCC2C3CC=C4CC(=O)C=CC4(C)C3C(O)CC21C,0,Training
CC(C=CC(C)C(C)(C)O)C1CCC2C(=CC=C3CC(O)CC(O)C3)CCCC21C,1,Training
FC(F)OC(Cl)C(F)(F)F,0,Training
NC(=O)c1ncn(C2OC(CO)C(O)C2O)n1,1,Training
CCC(=O)OC1(C(=O)SCF)C(C)CC2C3CC(F)C4=CC(=O)C=CC4(C)C3(F)C(O)CC21C,0,Training
CNC(CC(C)C)C(=O)NC1C(=O)NC(CC(N)=O)C(=O)NC2C(=O)NC3C(=O)NC(C(=O)NC(C(=O)O)c4cc(O)cc(O)c4-c4cc3ccc4O)C(OC3CC(C)(N)C(O)C(C)O3)c3ccc(c(Cl)c3)Oc3cc2cc(c3OC2OC(CO)C(O)C(O)C2OC2CC(C)(NCc3ccc(-c4ccc(Cl)cc4)cc3)C(O)C(C)O2)Oc2ccc(cc2Cl)C1O,0,Training
CN(C)C(=O)Nc1ccc(Cl)cc1,1,Training
CCCCCCCCCC(=O)OC1CCC2C3CC=C4CC(=O)CCC4C3CCC12C,0,Training
COc1cc2c(cc1Cc1cccc(Cl)c1F)c(=O)c(C(=O)O)cn2C(CO)C(C)C,0,Training
O=CCCCC=O,1,Training
O=C(OCc1ccccc1)c1ccccc1,0,Training
CCN(C(C)=O)c1cccc(-c2ccnc3c(C#N)cnn23)c1,1,Training
CC(C)C12OC1C1OC13C1(C)CCC4=C(COC4=O)C1CC1OC13C2O,1,Training
CC(CC(=O)CC(C)C1CC(O)C2(C)C3=C(C(=O)CC12C)C1(C)CCC(=O)C(C)(C)C1CC3O)C(=O)O,0,Training
CCCc1c2oc(C(=O)O)cc(=O)c2cc2c(=O)cc(C(=O)O)n(CC)c12,0,Training
CCCCCC(O)C(O)CCCC(O)C1CCC(C2CCC(C(O)CCCCCCCCCCCCC3=CC(C)OC3=O)O2)O1,1,Training
NC(Cc1ccc(O)cc1)C(=O)O,1,Training
CCCCCCCCCCCCCCOS(=O)(=O)O,0,Training
OCC1OC(O)C(O)C(O)C1O,0,Training
Cn1c(=O)c2c(ncn2C)n(C)c1=O,1,Training
Fc1ccccc1C1=NCC(=S)N(CC(F)(F)F)c2ccc(Cl)cc21,0,Training
CSC(C)=NOC(=O)N(C)SN(C)C(=O)ON=C(C)SC,1,Training
O=C1C=CC(=O)c2c1c(O)c1c(NCCNCCO)ccc(NCCNCCO)c1c2O,1,Training
O=C(OC1CC2CCC(C1)[N+]21CCCC1)C(O)(c1ccccc1)c1ccccc1,1,Training
CC(C)c1nc(CN(C)C(=O)NC(C(=O)NC(Cc2ccccc2)CC(O)C(Cc2ccccc2)NC(=O)OCc2cncs2)C(C)C)cs1,1,Training
COC(=O)c1c(Cl)c(Cl)c(C(=O)OC)c(Cl)c1Cl,1,Training
CC(=O)Oc1c(C)cc(OCC(O)CNC(C)C)c(C)c1C,0,Training
CC12CCC3c4ccc(OC(=O)N(CCCl)CCCl)cc4CCC3C1CCC2O,0,Training
OC(c1ccc(Cl)cc1)(c1cncnc1)c1ccccc1Cl,1,Training
CC(Cc1ccccc1)N(C)Cc1ccccc1,0,Training
COCC1=C(C(=O)O)N2C(=O)C(=NC(=O)C(NOC)c3csc(N)n3)C2SC1,1,Training
COC(=O)C1C2CC3c4[nH]c5cc(OC)ccc5c4CCN3CC2CC(OC(=O)C=Cc2cc(OC)c(OC)c(OC)c2)C1OC,0,Training
CCCCCCC(O)CCCC(O)C1CCC(C2CCC(C(O)CCCCCCCCCCCCC3=CC(C)OC3=O)O2)O1,1,Training
Cc1ccccc1C(=O)Nc1ccc(C(=O)N2CCCC(O)c3cc(Cl)ccc32)c(C)c1,1,Training
CC12C=CC(=O)NC1CCC1C2CCC2(C)C(C(=O)Nc3cc(C(F)(F)F)ccc3C(F)(F)F)CCC12,0,Training
C=CC1=C(C(=O)O)N2C(=O)C(NC(=O)C(=NO)c3csc(N)n3)C2SC1,1,Training
CCC(C)C(NC(=O)C1CCCN1C(=O)CNC(=O)C(Cc1ccccc1)NC(=O)C(CC(N)=O)NC(=O)C(CC(N)=O)NC(=O)C(CO)NC(=O)C(CO)NC(=O)C(Cc1c[nH]cn1)NC(=O)C(NC(=O)C(CC(C)C)NC(=O)C(Cc1ccccc1)NC(=O)C(CC(N)=O)NC(=O)C(C)NC(=O)C(CC(C)C)NC(=O)C(CCCNC(=N)N)NC(=O)C(CCC(N)=O)NC(=O)C(NC(=O)C(C)NC(=O)C(CS)NC(=O)C(NC(=O)C(C)NC(=O)C(NC(=O)C(CC(N)=O)NC(=O)C(CS)NC(=O)C(N)CCCCN)C(C)O)C(C)O)C(C)O)C(C)C)C(=O)NC(CC(C)C)C(=O)N1CCCC1C(=O)N1CCCC1C(=O)NC(C(=O)NC(CC(N)=O)C(=O)NC(C(=O)NCC(=O)NC(CO)C(=O)NC(CC(N)=O)C(=O)NC(C(=O)NC(Cc1ccc(O)cc1)C(N)=O)C(C)O)C(C)C)C(C)O,0,Training
COc1cc(C(=O)O)cc(OC)c1O,0,Training
CCCCCCCCCCCCCCCC(=O)NC(CCC(=O)NCCCCC(NC(=O)C(C)NC(=O)C(C)NC(=O)C(CCC(N)=O)NC(=O)CNC(=O)C(CCC(=O)O)NC(=O)C(CC(C)C)NC(=O)C(Cc1ccc(O)cc1)NC(=O)C(CO)NC(=O)C(CO)NC(=O)C(NC(=O)C(CC(=O)O)NC(=O)C(CO)NC(=O)C(NC(=O)C(Cc1ccccc1)NC(=O)C(NC(=O)CNC(=O)C(CCC(=O)O)NC(=O)C(C)NC(=O)C(N)Cc1c[nH]cn1)C(C)O)C(C)O)C(C)C)C(=O)NC(CCC(=O)O)C(=O)NC(Cc1ccccc1)C(=O)NC(C(=O)NC(C)C(=O)NC(Cc1c[nH]c2ccccc12)C(=O)NC(CC(C)C)C(=O)NC(C(=O)NC(CCCNC(=N)N)C(=O)NCC(=O)NC(CCCNC(=N)N)C(=O)NCC(=O)O)C(C)C)C(C)CC)C(=O)O,1,Training
CN(C)CC=CC(=O)Nc1cc2c(Nc3ccc(F)c(Cl)c3)ncnc2cc1OC1CCOC1,1,Training
CN(Cc1cc(Br)cc(Br)c1N)C1CCCCC1,0,Training
c1ccc(C2(N3CCCCC3)CCCCC2)cc1,0,Training
CC(C)(C)NC(=O)C1CN(Cc2cccnc2)CCN1CC(O)CC(Cc1ccccc1)C(=O)NC1c2ccccc2CC1O,1,Training
NC(=O)Cc1cccc(C(=O)c2ccccc2)c1N,0,Training
NC(=O)NC(CCC(=O)O)C(=O)O,0,Training
CC(C=CC1=C(C)CCCC1(C)C)=CC=CC(C)=CC(=O)O,1,Training
CC=CC(=O)N(CC)c1ccccc1C,0,Training
CN1C2CCC1CC(OC(=O)C(CO)c1ccccc1)C2,0,Training
O=C(OC1OC(CO)C2OC(=O)c3cc(O)c(O)c4oc5c(O)c(O)cc(c5c34)C(=O)OC1C2O)c1cc(O)c(O)c(O)c1,0,Training
CC(=O)OC1CC(COC2OC(CO)C(O)C(O)C2O)CNC12OC1CC3C4CCC5CC(OC6OC(CO)C(OC7OC(CO)C(O)C(OC8OCC(O)C(O)C8O)C7OC7OC(CO)C(O)C(O)C7O)C(O)C6O)CCC5(C)C4CCC3(C)C1C2C,1,Training
CC(CC(=O)CC(C)C1CC(=O)C2(C)C3=C(C(=O)CC12C)C1(C)CCC(=O)C(C)(C)C1CC3=O)C(=O)O,0,Training
COCCCOc1cc(CC(CC(N)C(O)CC(C(=O)NCC(C)(C)C(N)=O)C(C)C)C(C)C)ccc1OC,1,Training
CC(C)(O)C1CCC(C)(C2C(O)CC3(C)C4CC(O)C5C(C)(C)C(OC6OCC(O)C(O)C6OC6OC(CO)C(O)C(O)C6O)CCC56CC46CCC23C)O1,0,Training
NC(C(=O)O)C(O)c1ccc(O)c(O)c1,0,Training
O=C(O)CNCP(=O)(O)O,1,Training
CN1CCN(C2=Nc3cc(Cl)ccc3Nc3ccccc32)CC1,1,Training
Cc1cn(C2CC(O)C(CO)O2)c(=O)[nH]c1=O,1,Training
CC1(C)OC2CC3C4CC=C5CC(=O)C=CC5(C)C4C(O)CC3(C)C2(C(=O)CO)O1,0,Training
CC1=C(C(=O)O)N2C(=O)C(NC(=O)C(N)c3ccccc3)C2SC1,1,Training
O=P(OCCCl)(OCCCl)OCCCl,1,Training
Nc1cccc2c1C(=O)N(C1CCC(=O)NC1=O)C2=O,1,Training
O=C(O)CN1C(=O)C(NC(CCc2ccccc2)C(=O)O)CCc2ccccc21,0,Training
CC(C)CC(NC(=O)C(Cc1ccccc1)NC(=O)c1cnccn1)B(O)O,1,Training
NC1CONC1=O,0,Training
CC1CC2C3CC(F)C4=CC(=O)C=CC4(C)C3(F)C(O)CC2(C)C1(OC(=O)c1ccco1)C(=O)SCF,0,Training
CCOC(=O)C(CCc1ccccc1)NC1CCCN2CCCC(C(=O)O)N2C1=O,1,Training
CCOc1nc(F)cc2nc(S(=O)(=O)Nc3c(Cl)cccc3Cl)nn12,1,Training
C[N+](C)(C)CC(O)CC(=O)O,1,Training
CN(C)CCCN1c2ccccc2CCc2ccc(Cl)cc21,1,Training
O=P(O)(O)C(O)P(=O)(O)O,0,Training
Cc1ccc(Nc2nccc(N(C)c3ccc4c(C)n(C)nc4c3)n2)cc1S(N)(=O)=O,0,Training
FCOC(C(F)(F)F)C(F)(F)F,1,Training
COc1cccc(O)c1-c1cc(=O)c2c(O)c(OC)c(OC)c(OC)c2o1,0,Training
CC1CCC(C(C)C)C(O)C1,1,Training
CSc1nc(NC(C)C)nc(NC(C)C)n1,1,Training
CC1CC2C3C(Cl)C=C4CC(=O)C=CC4(C)C3C(O)CC2(C)C1(O)C(=O)CO,0,Training
CCOc1cc(Oc2ccc(C(F)(F)F)cc2Cl)ccc1[N+](=O)[O-],1,Training
O=Cc1ccc(CO)n1CCc1ccccc1,0,Training
CON=C1CN(c2nc3c(cc2F)c(=O)c(C(=O)O)cn3C2CC2)CC1CN,1,Training
NCCc1ccc(O)c(O)c1,0,Training
CCCCCCCCCc1ccc(O)cc1,1,Training
CN1CC2c3ccccc3Oc3ccc(Cl)cc3C2C1,0,Training
CCN(CC)C(=S)SSC(=S)N(CC)CC,0,Training
CCCC[N+](C)(C)Cc1ccccc1,0,Training
O=c1[nH]c(O)cn1N=Cc1ccc([N+](=O)[O-])o1,1,Training
CC(=O)OC1C(C)CCC2(O)C3(C)CC4(O)OC12C1(O)C3(O)CC(O)(C(C)C)C41C,0,Training
CCCCCCCCCC(=O)NC(Cc1c[nH]c2ccccc12)C(=O)NC(CC(N)=O)C(=O)NC(CC(=O)O)C(=O)NC1C(=O)NCC(=O)NC(CCCN)C(=O)NC(CC(=O)O)C(=O)NC(C)C(=O)NC(CC(=O)O)C(=O)NCC(=O)NC(CO)C(=O)NC(C(C)CC(=O)O)C(=O)NC(CC(=O)c2ccccc2N)C(=O)OC1C,1,Training
O=c1c(O)cc2c(O)oc3c(=O)c(O)cc4c(O)oc1c2c43,0,Training
CCOc1ccc(NC(=O)CC(C)O)cc1,1,Training
Fc1ccc(C2CCNCC2COc2ccc3c(c2)OCO3)cc1,1,Training
O=C(O)c1cc(Oc2ccc(C(F)(F)F)cc2Cl)ccc1[N+](=O)[O-],1,Training
O=C(O)CC(O)(CC(=O)O)C(=O)O,0,Training
CCCN(CCOc1c(Cl)cc(Cl)cc1Cl)C(=O)n1ccnc1,1,Training
CC(=O)C1(O)C=C2C(=O)c3c(c(O)c4ccccc4c3O)C(=O)C2C(OC2CC(N)C(O)C(C)O2)C1,1,Training
Cn1cnc([N+](=O)[O-])c1Sc1ncnc2[nH]cnc12,0,Training
CC(C)(C)NCC(O)COc1cccc2c1CCCC2=O,0,Training
CC(=O)OCC(=O)C1(OC(C)=O)C(C)CC2C3CC(F)C4=CC(=O)C=CC4(C)C3(F)C(O)CC21C,0,Training
O=C(O)CNC(=O)c1ncc(-c2cccc(Cl)c2)cc1O,0,Training
Nc1ncnc2c1ncn2C1OC(CO)CC1O,0,Training
CC(=O)Nc1ccc(O)cc1,1,Training
CC(C)COCC(CN(Cc1ccccc1)c1ccccc1)N1CCCC1,0,Training
CC1CN(c2c(F)c(N)c3c(=O)c(C(=O)O)cn(C4CC4)c3c2F)CC(C)N1,1,Training
O=C(Cc1cccs1)NC1C(=O)N2C(C(=O)O)=C(C[n+]3ccccc3)CSC12,1,Training
COC1CC2CCC(C)C(O)(O2)C(=O)C(=O)N2CCCCC2C(=O)OC(C(C)CC2CCC(OC(=O)C(C)(CO)CO)C(OC)C2)CC(=O)C(C)=CC(C)C(O)C(OC)C(=O)C(C)CC(C)C=CC=CC=C1C,1,Training
COC1C=COC2(C)Oc3c(C)c(O)c4c(O)c(c(C=NN5CCN(C)CC5)c(O)c4c3C2=O)NC(=O)C(C)=CC=CC(C)C(O)C(C)C(O)C(C)C(OC(C)=O)C1C,1,Training
CC(=O)OC1C(O)COC(OC2CCC34CC35CCC3(C)C(C6(C)CCC(C(C)(C)O)O6)C(O)CC3(C)C5CC(OC3OC(CO)C(O)C(O)C3O)C4C2)C1OC(C)=O,0,Training
CC1=C2N=C(C=C3N=C(C(C)=C4[N-]C(C(CC(N)=O)C4(C)CCC(=O)NCC(C)OP(=O)(O)OC4C(CO)OC(n5cnc6cc(C)c(C)cc65)C4O)C4(C)N=C1C(CCC(N)=O)C4(C)CC(N)=O)C(CCC(N)=O)C3(C)C)C(CCC(N)=O)C2(C)CC(N)=O.[C-]#N.[Co+2],0,Training
O=C1OCC2OC(O)C3OC(=O)c4cc(O)c(O)c(O)c4-c4c(cc(O)c(O)c4O)C(=O)OC3C2OC(=O)c2cc(O)c(O)c(O)c2-c2c1cc(O)c(O)c2O,0,Training
COc1cccc(C2(O)CCCCC2CN(C)C)c1,1,Training
NCCCCCCCCCCC(=O)O,1,Training
CC(C)(C)NCC(O)c1cc(O)cc(O)c1,0,Training
CCCCCCCC(=O)CCC1C(O)CC(O)C1CC=CCCCC(=O)OC(C)C,0,Training
CC1=CC(=O)OC2(C1)CC1CCC2CN1C,1,Training
CCOc1ccc(CC2NC(=O)CCSSCC(C(=O)N3CCCC3C(=O)NC(CCCN)C(=O)NCC(N)=O)NC(=O)C(CC(N)=O)NC(=O)C(C(C)O)NC(=O)C(C(C)CC)NC2=O)cc1,0,Training
COc1cc2c(cc1OC)C1Cc3c(cc(OC)c4c3OCO4)C(C2)N1C,1,Training
CC12C=CC(=O)C=C1CCC1C2C(O)CC2(C)C1CCC2(O)C(=O)CO,0,Training
CCCCc1oc2ccccc2c1C(=O)c1cc(I)c(OCC[NH+](CC)CC)c(I)c1,1,Training
C=CC1(C)OC(=O)N(c2cc(Cl)cc(Cl)c2)C1=O,1,Training
CC12CCC3C(CC=C4CC(=O)C=CC43C)C1CCC(=O)O2,0,Training
CCOC(=O)C(CCc1ccccc1)NC1CCc2ccccc2N(CC(=O)O)C1=O,0,Training
O=C(c1ccccc1)c1ccc2n1CCC2C(=O)O,1,Training
CCCSc1nc(NC2CC2c2ccc(F)c(F)c2)c2nnn(C3CC(OCCO)C(O)C3O)c2n1,1,Training
CNC1CCc2[nH]c3ccc(C(N)=O)cc3c2C1,1,Training
CCCSc1ccc2[nH]c(NC(=O)OC)nc2c1,1,Training
COc1ccccc1O,1,Training
Oc1c2c(c(O)n1SC(Cl)(Cl)C(Cl)Cl)CC=CC2,1,Training
CC(=O)OCC12C(OC(C)=O)C(OC(C)=O)C3C(OC(C)=O)C14OC3(C)COC(=O)c1cccnc1CCC(C)(O)C(=O)OC(C(OC(=O)c1ccccc1)C2OC(C)=O)C4(C)O,1,Training
CCC=CCC=CCC=CCC=CCC=CCCCC(=O)OCC,0,Training
CC1CNCCc2ccc(Cl)cc21,0,Training
Oc1ccc2c(c1)CCC(c1ccccc1)C2c1ccc(OCCN2CCCC2)cc1,1,Training
CCN(CC)C(=O)C1(c2ccccc2)CC1C[NH3+],1,Training
NCC1OC(OC2C(N)CC(N)C(OC3OC(CO)C(O)C(N)C3O)C2O)C(N)CC1O,1,Training
CN1CCCC1c1cccnc1,0,Training
CCCCCCCC(=O)CCC1C(O)CC(O)C1CC=CCCCC(=O)O,0,Training
C=CCC1(C(C)C#CCC)C(=O)NC(=O)N(C)C1=O,0,Training
CC1(C(=O)O)CCC2(C)CCC3(C)C(=C2C1)CC(=O)C1C2(C)CCC(O)C(C)(C)C2CCC13C,1,Training
O=C(O)c1cccnc1,0,Training
N#Cc1nn(-c2c(Cl)cc(C(F)(F)F)cc2Cl)c(N)c1[S+]([O-])C(F)(F)F,1,Training
COC(=O)C=Cc1ccc(O)c(OC)c1,0,Training
COc1ccccc1OCCNCC(O)COc1cccc2[nH]c3ccccc3c12,1,Training
CC(Cn1cnc2c(N)ncnc21)OCP(=O)(O)O,1,Training
CC1=C(C(=O)Nc2ccccc2)SCCO1,1,Training
CNCCC(Oc1ccc(C(F)(F)F)cc1)c1ccccc1,1,Training
CCC(CCC(C)C1CCC2C3CC=C4CC(OC5OC(CO)C(O)C(O)C5O)CCC4(C)C3CCC12C)C(C)C,0,Training
N#Cc1c(N(CC(=O)[O-])CC(=O)[O-])sc(C(=O)[O-])c1CC(=O)[O-].[Sr+2].[Sr+2],0,Training
COC(=O)N(C)c1c(N)nc(-c2nn(Cc3ccccc3F)c3ncccc23)nc1N,0,Training
CC1OC(OC2C(O)C(OCCc3ccc(O)c(O)c3)OC(CO)C2OC(=O)C=Cc2ccc(O)c(O)c2)C(O)C(O)C1O,0,Training
COc1nc(C)nc(NC(=O)NS(=O)(=O)c2ccccc2CCC(F)(F)F)n1,1,Training
COCCc1ccc(OCC(O)CNC(C)C)cc1,0,Training
CC(Oc1ccc(Cl)cc1Cl)C(=O)O,1,Training
NNc1nncc2ccccc12,1,Training
O=P(O)(O)CP(=O)(O)O,0,Training
COc1ccccc1Oc1c(NS(=O)(=O)c2ccc(C(C)(C)C)cc2)nc(-c2ncccn2)nc1OCCO,1,Training
CC1(C)SC2C(NC(=O)C(N)c3ccccc3)C(=O)N2C1C(=O)O,0,Training
CC(CN1CC(=O)NC(=O)C1)N1CC(=O)NC(=O)C1,0,Training
COc1ccc2cc(C(C)C(=O)O)ccc2c1,1,Training
CC(C)OC(=O)OCOP(=O)(COC(C)Cn1cnc2c(N)ncnc21)OCOC(=O)OC(C)C,1,Training
CCOc1ccc(C(C)(C)COCc2cccc(Oc3ccccc3)c2)cc1,1,Training
CON=C(C(=O)NC1C(=O)N2C(C(=O)O)=CCSC12)c1csc(N)n1,1,Training
O=C1C(CCC(O)c2ccc(F)cc2)C(c2ccc(O)cc2)N1c1ccc(F)cc1,0,Training
CN=C(NC#N)NCCSCc1[nH]cnc1C,1,Training
CC(=O)C1CCC2C3CC(C)=C4CC(=O)CCC4(C)C3C(O)CC12C,0,Training
CCOCN(C(=O)CCl)c1c(C)cccc1CC,1,Training
CN(C)c1ccc(N=NS(=O)(=O)O)cc1,1,Training
O=C(c1ccc(F)cc1)C1CCN(CCn2c(=O)[nH]c3ccccc3c2=O)CC1,0,Training
Cc1ccc(Sc2ccccc2N2CCNCC2)c(C)c1,0,Training
NCC(=O)CCC(=O)O,0,Training
FC(F)(F)c1ccc(OCCCOc2c(Cl)cc(OCC=C(Cl)Cl)cc2Cl)nc1,1,Training
CCc1c2c(nc3ccc(OC(=O)N4CCC(N5CCCCC5)CC4)cc13)-c1cc3c(c(=O)n1C2)COC(=O)C3(O)CC,1,Training
CCCCCCCCCCCCCCCC(O)C(N)CO,1,Training
CC(c1cc2ccccc2s1)N(O)C(N)=O,0,Training
CC12C(=O)OC(=O)C1(C)C1CCC2O1,1,Training
CC1=C(C(C)CO)CC2(O)C3(C)CC(=O)OC4(C(O)C(C)CCC34O)C12O,0,Training
CC12CC3(O)OC(O1)C1(COC(=O)c4ccccc4)C3CC21OC1OC(CO)C(O)C(O)C1O,0,Training
CCc1c(C(=O)O)c(=O)cnn1-c1ccc(Cl)cc1,1,Training
CN(C)CCc1c[nH]c2ccc(CC3COC(=O)N3)cc12,1,Training
COC(=O)C1C=C2CC(=O)CCC2(C)C23OC2CC2(C)C(CCC24CCC(=O)O4)C13,1,Training
NS(=O)(=O)c1cc2c(cc1Cl)NCNS2(=O)=O,1,Training
CCOc1ccccc1OCCNC(C)Cc1ccc(OC)c(S(N)(=O)=O)c1,0,Training
Cc1cc(C=CC#N)cc(C)c1Nc1ccnc(Nc2ccc(C#N)cc2)n1,1,Training
CC(C)CC(CN)CC(=O)O,1,Training
COC1CC2CCC(C)C(O)(O2)C(=O)C(=O)N2CCCCC2C(=O)OC(C(C)CC2CCC(O)C(OC)C2)CC(=O)C(C)=CC(C)C(O)C(OC)C(=O)C(C)CC(C)C=CC=CC=C1C,1,Training
CC(CC(=O)CC(C)C1CC(=O)C2(C)C3=C(C(=O)CC12C)C1(C)CCC(=O)C(C)(C)C1CC3O)C(=O)O,0,Training
Oc1ccc(C2CNCCc3c2cc(O)c(O)c3Cl)cc1,0,Training
CCC1(CCC(C)C)C(=O)N=C([O-])NC1=O,0,Training
CNC(=O)c1cc(Oc2ccc(NC(=O)Nc3ccc(Cl)c(C(F)(F)F)c3)cc2)ccn1,1,Training
CC1CCC2(O)C3(C)CC4(O)OC2(C1O)C1(O)C3(O)CC(O)(C(C)C)C41C,0,Training
CCC(C(N)=O)N1CCCC1=O,0,Training
CC(C)C(N)C(=O)OCCOCn1cnc2c(=O)[nH]c(N)nc21,1,Training
COc1cc2c(Nc3ccc(Cl)c(Cl)c3F)ncnc2cc1OCC1CC2CN(C)CC2C1,0,Training
CCCCc1c(O)n(-c2ccccc2)n(-c2ccccc2)c1=O,1,Training
CC1CCC2(O)C3(C)CC4(O)OC2(C1O)C1(O)C3(O)CC(O)(C(C)CO)C41C,0,Training
CCCN(CCc1cccs1)C1CCc2c(O)cccc2C1,0,Training
CC(C)c1nc(CN(C)C(=O)NC(CCN2CCOCC2)C(=O)NC(CCC(Cc2ccccc2)NC(=O)OCc2cncs2)Cc2ccccc2)cs1,1,Training
CC1(C)OC2COC3(COS(N)(=O)=O)OC(C)(C)OC3C2O1,1,Training
N#CC(Br)Br,1,Training
CNC(=O)CN(CCN(CCN(CC(=O)[O-])CC(=O)NC)CC(=O)[O-])CC(=O)[O-],1,Training
CC(C)[N+](C)(CCOC(=O)C1c2ccccc2Oc2ccccc21)C(C)C,0,Training
CC(C)(O)C1CCC(C)(C2C(O)CC3(C)C4CC(OC5OC(CO)C(O)C(O)C5O)C5C(C)(C)C(OC6OCC(O)C(O)C6O)CCC56CC46CCC23C)O1,0,Training
COc1ccc(CNc2nc(N3CCCC3CO)ncc2C(=O)NCc2ncccn2)cc1Cl,0,Training
CCCCC(C)(O)CC=CC1C(O)CC(=O)C1CCCCCCC(=O)OC,0,Training
CCCCC(=O)OC1CCC2C3CCc4cc(O)ccc4C3CCC12C,0,Training
CCCC(NC(C)C(=O)N1C(C(=O)O)CC2CCCCC21)C(=O)OCC,1,Training
NC(=O)c1cn(Cc2c(F)cccc2F)nn1,1,Training
CN1CCN2c3ccccc3Cc3ccccc3C2C1,0,Training
Cc1ccc([N+](=O)[O-])cc1,1,Training
N#Cc1cc(NC(=O)C(=O)O)c(Cl)c(NC(=O)C(=O)O)c1,0,Training
C=C1CCC2C(C)(CO)C(O)CCC2(C)C1CC=C1C(=O)OCC1O,1,Training
CCCC(=O)OCOC(=O)C1=C(C)N=C(C)C(C(=O)OC)C1c1cccc(Cl)c1Cl,1,Training
CCC(C)CC(C)CCCCCCCCC(=O)NC1CC(O)C(NCCN)NC(=O)C2C(O)CCN2C(=O)C(C(O)CCN)NC(=O)C(C(O)C(O)c2ccc(O)cc2)NC(=O)C2CC(O)CN2C(=O)C(C(C)O)NC1=O,1,Training
CC(C)(CO)C(O)C(=O)NCCC(=O)O,0,Training
CC(O)C(CO)NC(=O)C1CSSCC(NC(=O)C(N)Cc2ccccc2)C(=O)NC(Cc2ccccc2)C(=O)NC(Cc2c[nH]c3ccccc23)C(=O)NC(CCCCN)C(=O)NC(C(C)O)C(=O)N1,1,Training
CCCCCCCN(CC)CCCC(O)c1ccc(NS(C)(=O)=O)cc1,1,Training
O=C(O)c1ccc(-n2nc(-c3ccccc3O)nc2-c2ccccc2O)cc1,1,Training
Cn1c(N)c(NC(=O)NCCN)c[n+]1CC1=C(C(=O)O)N2C(=O)C(=NC(=O)C(NOC(C)(C)C(=O)O)c3nsc(N)n3)C2SC1,1,Training
CC[NH+](CC)CCOc1ccc(C(=C(Cl)c2ccccc2)c2ccccc2)cc1,1,Training
COc1cc(C2c3cc4c(cc3C(OC3OC5COC(C)OC5C(O)C3O)C3COC(=O)C23)OCO4)cc(OC)c1OP(=O)(O)O,0,Training
C#CCC(Cc1cnc2nc(N)nc(N)c2n1)c1ccc(C(=O)NC(CCC(=O)O)C(=O)O)cc1,1,Training
NCCC(O)(P(=O)([O-])O)P(=O)([O-])O,1,Training
CC(C)CCn1c(C=O)ccc1CO,0,Training
CCN(CC)c1ccc(C(=C2C=CC(=[N+](CC)CC)C=C2)c2cc(S(=O)(=O)O)ccc2S(=O)(=O)O)cc1,0,Training
CCC=CCC=CCC=CCC=CCCCCC(=O)O,0,Training
CNCC(=O)OCc1cccnc1N(C)C(=O)OC(C)[n+]1cnn(CC(O)(c2cc(F)ccc2F)C(C)c2nc(-c3ccc(C#N)cc3)cs2)c1,0,Training
CC(c1ncncc1F)C(O)(Cn1cncn1)c1ccc(F)cc1F,1,Training
Nc1nc(N)nc(N)n1,1,Training
CC1CC2C3CC(F)C4=CC(=O)C=CC4(C)C3(Cl)C(O)CC2(C)C1C(=O)CO,0,Training
CCCCc1oc2ccccc2c1C(=O)c1cc(I)c(OCCN(CC)CC)c(I)c1,0,Training
O=c1c(O)c(-c2ccc(O)c(O)c2)oc2cc(O)cc(O)c12,0,Training
O=C1OCC2OC(=O)c3oc(=O)c4cc(O)c(O)c(O)c4c4c(O)c(O)c(O)cc4c(=O)oc3C2OC(=O)c2cc(O)c(O)c(O)c2-c2c1cc(O)c(O)c2O,0,Training
Cn1sc(Cl)cc1=O,1,Training
O=C(O)c1cc2c(c3c1c([N+](=O)[O-])cc1ccccc13)OCO2,1,Training
CC(C=CC1=C(C)CCCC1(C)C)=CC=CC(C)=CCO,0,Training
COc1ccc2c3c1OC1CC(O)C=CC31CCN(C)C2,1,Training
CN1c2c([nH]c(N)nc2=O)NCC1CNc1ccc(C(=O)NC(CCC(=O)O)C(=O)O)cc1,0,Training
COc1ncc(F)c2nc(S(=O)(=O)Nc3c(F)cccc3F)nn12,1,Training
C=C1CCCC(C)(C)C12CC=C(CO)CC2,0,Training
CN(C)C1C(=O)C(C(N)=O)C(=O)C2(O)C(=O)C3C(=O)c4c(O)ccc(Cl)c4C(O)C3CC12,1,Training
O=C(O)C1N=C(c2ccccc2)c2cc(Cl)ccc2NC1=O,0,Training
CC(NCCCc1cccc(C(F)(F)F)c1)c1cccc2ccccc12,0,Training
CN(C)C1C(=O)C(C(=O)NCNCCCCC(N)C(=O)O)C(=O)C2(O)C(=O)C3C(=O)c4c(O)cccc4C(C)(O)C3CC12,0,Training
Clc1ccc(COC(Cn2ccnc2)c2ccc(Cl)cc2Cl)c(Cl)c1,0,Training
COc1cc2c(cc1OC)C(Cc1ccc(Oc3cc(CC4c5cc(OC)c(OC)cc5CCN4C)ccc3O)cc1)N(C)CC2,1,Training
CC(C)NCC(O)c1cc(O)cc(O)c1,0,Training
CCN(CCO)CCCC(C)Nc1ccnc2cc(Cl)ccc12,0,Training
COc1cc(CNC(=O)CCCCC=CC(C)C)ccc1O,0,Training
Cc1cc2c(C(C)C)c(O)c(O)c(C=O)c2c(O)c1-c1c(C)cc2c(C(C)C)c(O)c(O)c(C=O)c2c1O,1,Training
CC1(C)C(C=C(Cl)Cl)C1C(=O)OCc1cccc(Oc2ccccc2)c1,1,Training
O=S(=O)(O)OC1C(O)COC(OC2COC(O)C(OS(=O)(=O)O)C2OS(=O)(=O)O)C1OS(=O)(=O)O,0,Training
Cn1c(CNc2ccc(C(=N)N)cc2)nc2cc(C(=O)N(CCC(=O)O)c3ccccn3)ccc21,0,Training
COc1nc2ccc(Br)cc2cc1C(c1ccccc1)C(O)(CCN(C)C)c1cccc2ccccc12,0,Training
CCCCNc1cc(C(=O)O)cc(S(N)(=O)=O)c1Oc1ccccc1,1,Training
CC(=O)OC1CC2CCC3C(CCC4(C)C3CC([N+]3(C)CCCCC3)C4OC(C)=O)C2(C)CC1[N+]1(C)CCCCC1,0,Training
Cc1c(C)c2c(c(C)c1O)CCC(C)(CCCC(C)CCCC(C)CCCC(C)C)O2,0,Training
CC(NC(CCc1ccccc1)C(=O)O)C(=O)N1C(C(=O)O)CC2CCCC21,1,Training
O=c1c(-c2ccc(O)cc2)coc2c(C3OC(CO)C(O)C(O)C3O)c(O)ccc12,1,Training
Nc1ccn(CC(CO)OCP(=O)(O)O)c(=O)n1,1,Training
C[NH+](CC=CC#CC(C)(C)C)Cc1cccc2ccccc12,1,Training
Cc1c(O)c(=O)ccn1C,1,Training
O=P1(NCCCl)OCCCN1CCCl,1,Training
Oc1cn2c(n1)Nc1ccc(Cl)c(Cl)c1C2,1,Training
CC(=O)OC1C(OC2CCC34CC35CCC3(C)C(C6(C)CCC(C(C)(C)O)O6)C(O)CC3(C)C5CC(OC3OC(CO)C(O)C(O)C3O)C4C2)OCC(O)C1O,0,Training
CC(C)CC(NC(=O)CNC(=O)C(CCC(N)=O)NC(=O)C(CC(C)C)NC(=O)C(CC(C)C)NC(=O)C(CCCN=C(N)N)NC(=O)C(CCC(N)=O)NC(=O)C(CC(C)C)NC(=O)C(CCCNC(=N)N)NC(=O)C(C)NC(=O)C(CO)NC(=O)C(CC(=O)O)NC(=O)C(CCCNC(=N)N)NC(=O)C(CC(C)C)NC(=O)C(CCCNC(=N)N)NC(=O)C(CO)NC(=O)C(CC(C)C)NC(=O)C(CCC(=O)O)NC(=O)C(CO)NC(=O)C(NC(=O)C(Cc1ccccc1)NC(=O)C(NC(=O)CNC(=O)C(CC(=O)O)NC(=O)C(CO)NC(=O)C(N)Cc1ncc[nH]1)C(C)O)C(C)O)C(=O)NC(C(=O)O)C(C)C,0,Training
CC1CC2C3CC=C4CC(=O)C=CC4(C)C3(Cl)C(O)CC2(C)C1(O)C(=O)CCl,0,Training
COC(=O)Nc1nc2cc(C(=O)c3ccccc3)ccc2[nH]1,0,Training
O=C1OC(=O)c2c(Cl)c(Cl)c(Cl)c(Cl)c21,1,Training
CC(O)C1C(=O)N2C(C(=O)O)=C(SC3CNC(CNS(N)(=O)=O)C3)C(C)C12,0,Training
CC(C)C1NC(=O)C(CCCCN)NC(=O)C(Cc2c[nH]c3ccccc23)NC(=O)C(Cc2ccc(O)cc2)NC(=O)C(Cc2ccccc2)N(C)C(=O)C(CCSCC(=O)NCC(N)C(=O)NC(CCCCN)C(=O)NC(CS)C(=O)NC(CCCCN)C(N)=O)NC1=O,0,Training
Nc1ccn(C2CCC(CO)O2)c(=O)n1,1,Training
COc1cc(C2c3cc4c(cc3C(OC3OC5COC(C)OC5C(O)C3O)C3COC(=O)C23)OCO4)cc(OC)c1O,1,Training
c1ccc2[nH]c(-c3cscn3)nc2c1,1,Training
CCNC1CC(N)C(OC2OC(CN)=CCC2N)C(O)C1OC1OCC(C)(O)C(NC)C1O,1,Training
CC(O)(P(=O)(O)O)P(=O)(O)O,0,Training
NCC1(CC(=O)O)CCCCC1,1,Training
CCCCCC(C)OC(=O)COc1ccc(Cl)c2cccnc12,1,Training
Cc1ccc(=O)n(-c2ccccc2)c1,0,Training
CCC(C)CCCC(=O)NC(CCN)C(=O)NC(C(=O)NC(CCN)C(=O)NC1CCNC(=O)C(C(C)O)NC(=O)C(CCN)NC(=O)C(CCN)NC(=O)C(CC(C)C)NC(=O)C(CC(C)C)NC(=O)C(CCN)NC1=O)C(C)O,1,Training
CCC1OC(=O)C(C)C(OC2CC(C)(OC)C(O)C(C)O2)C(C)C(OC2OC(C)CC(N(C)C)C2O)C(C)(OC)CC(C)C(=O)C(C)C(O)C1(C)O,1,Training
O=C(O)CC[Ge](=O)O[Ge](=O)CCC(=O)O,1,Training
C#Cc1cccc(Nc2ncnc3cc(OCCOC)c(OCCOC)cc23)c1,1,Training
CC1=CC(=O)CC(C)(C)C1,1,Training
Clc1ccc2c(c1)CCc1cccnc1C2=C1CCNCC1,0,Training
CCCCCC(O)CCC1C(O)CC2Cc3c(cccc3OCC(=O)O)CC21,0,Training
COC1C=COC2(C)Oc3c(C)c(O)c4c(O)c(c5c(nc6cc(C)ccn65)c4c3C2=O)NC(=O)C(C)=CC=CC(C)C(O)C(C)C(O)C(C)C(OC(C)=O)C1C,0,Training
OCC(O)C(O)C(O)C(O)CO,1,Training
O=c1c2ccccc2nc2n1CCc1c-2[nH]c2ccccc12,1,Training
Nc1nc(N)c2nc(-c3ccccc3)c(N)nc2n1,1,Training
CC=CCC(C)C(O)C1C(=O)NC(CC)C(=O)N(C)CC(=O)N(C)C(CC(C)C)C(=O)NC(C(C)C)C(=O)N(C)C(CC(C)C)C(=O)NC(C)C(=O)NC(C)C(=O)N(C)C(CC(C)C)C(=O)N(C)C(CC(C)C)C(=O)N(C)C(C(C)C)C(=O)N1C,1,Training
OC(CNCC(O)C1CCc2cc(F)ccc2O1)C1CCc2cc(F)ccc2O1,1,Training
O=C(O)COCCN1CCN(C(c2ccccc2)c2ccc(Cl)cc2)CC1,1,Training
COC(=O)C1C(O)CCC2CN3CCc4c([nH]c5ccccc45)C3CC21,1,Training
C=C1CC2C(CCC3(C)C(=O)CCC23)C2(C)C=CC(=O)C=C12,0,Training
CCC(=O)N(c1ccccc1)C1(C(=O)OC)CCN(CCC(=O)OC)CC1,1,Training
CC1=C(C(=O)O)N2C(=O)C(NC(=O)C(N)c3ccc(O)cc3)C2SC1,1,Training
Nc1ccc(O)c(C(=O)O)c1,1,Training
OCC(S)CS,0,Training
OCCOc1ccc(C(=C(CCCl)c2ccccc2)c2ccccc2)cc1,0,Training
CCCCCCCC=CCCc1c(O)c(O)cc(O)c1O,1,Training
CCCCNC(=O)OCC#CI,1,Training
CCNc1nc(=O)nc(NC(C)C)[nH]1,1,Training
CCCc1nc2c(C)cc(-c3nc4ccccc4n3C)cc2n1Cc1ccc(-c2ccccc2C(=O)O)cc1,1,Training
CCCC(NC(=O)C1C2CCCC2CN1C(=O)C(NC(=O)C(NC(=O)c1cnccn1)C1CCCCC1)C(C)(C)C)C(=O)C(=O)NC1CC1,1,Training
CN=C(C[N+](=O)[O-])NCCSCc1csc(CN(C)C)n1,0,Training
CCOc1nc2cccc(C(=O)OCc3oc(=O)oc3C)c2n1Cc1ccc(-c2ccccc2-c2nc(=O)o[nH]2)cc1,0,Training
OCCNCCO,1,Training
COc1cc(C(=O)NCc2ccc(OCCN(C)C)cc2)cc(OC)c1OC,0,Training
CC#CCn1c(N2CCCC(N)C2)nc2c1c(=O)n(Cc1nc(C)c3ccccc3n1)c(=O)n2C,0,Training
CCCCCCCCOC(C)=O,1,Training
COc1cc2c(Nc3ccc(Br)cc3F)ncnc2cc1OCC1CCN(C)CC1,1,Training
O=C(C(O)CO)C(O)C(O)COC1OC(COC2OC(CO)C(O)C(O)C2O)C(O)C(O)C1O,0,Training
CCC[N+](C)(C)CC[N+](C)(C)CCOC,1,Training
Nc1nc(F)nc2c1ncn2C1OC(CO)C(O)C1O,1,Training
O=C(O)c1ccccc1,0,Training
COc1c2ccoc2cc2oc(=O)ccc12,0,Training
CC(=O)Nc1cccc(-n2c(=O)n(C3CC3)c(=O)c3c(Nc4ccc(I)cc4F)n(C)c(=O)c(C)c32)c1,1,Training
O=NN(CCCl)C(=O)NCCCl,1,Training
CCC1OC(=O)C(C)C(OC2CC(C)(OC)C(O)C(C)O2)C(C)C(OC2OC(C)CC(N(C)C)C2O)C(C)(O)CC(C)C(=O)C(C)C(O)C1(C)O,0,Training
Clc1ccccc1-c1nnc(-c2ccccc2Cl)nn1,1,Training
OCc1ccccc1,0,Training
COc1cc(Cl)c(OC)cc1Cl,1,Training
CCn1cc(C(=O)O)c(=O)c2cc(F)c(N3CCNCC3)cc21,1,Training
CC(CCC(=O)O)C1CC(=O)C2(C)C3=C(C(=O)CC12C)C1(C)CCC(=O)C(C)(C)C1CC3O,0,Training
CC12CCC(=O)C=C1CCC1C2CCC2(C)C(O)CCC12,1,Training
COc1c(N2CCNC(C)C2)c(F)cc2c(=O)c(C(=O)O)cn(C3CC3)c12,1,Training
NCCC(O)(P(=O)(O)O)P(=O)(O)O,1,Training
CC(C)(C)NCC(O)c1ccc(O)c(CO)n1,0,Training
CON=C(C(=O)OC)c1ccccc1CON=C(C)c1cccc(C(F)(F)F)c1,1,Training
CNC(=O)Oc1cccc2ccccc12,1,Training
OC(Cn1cncn1)(Cn1cncn1)c1ccc(F)cc1F,1,Training
COC1C=COC2(C)Oc3c(C)c(O)c4c(O)c(c5c(c4c3C2=O)=NC2(CCN(CC(C)C)CC2)N=5)NC(=O)C(C)=CC=CC(C)C(O)C(C)C(O)C(C)C(OC(C)=O)C1C,0,Training
O=C(C=Cc1ccc(O)c2c1C(C(=O)OC(Cc1ccc(O)c(O)c1)C(=O)O)C(c1ccc(O)c(O)c1)O2)OC(Cc1ccc(O)c(O)c1)C(=O)O,0,Training
CCOC(=O)NC1CCC2C(C1)CC1C(=O)OC(C)C1C2C=Cc1ccc(-c2cccc(F)c2)cn1,0,Training
CCCN(CCC)CCc1cccc2[nH]c(O)cc12,1,Training
Nc1ccn(C2CSC(CO)O2)c(=O)n1,1,Training
COc1cc(C(=O)C(CO)c2ccc(O)c(OC)c2)ccc1O,0,Training
CC(=O)OC12COC1CC(O)C1(C)C(=O)C(=O)C3C(C)C(OC(=O)C(O)C(NC(=O)OC(C)(C)C)c4ccccc4)CC(O)(C(OC(=O)c4ccccc4)C21)C3(C)C,1,Training
CC(C)CN(CC(OP(=O)([O-])[O-])C(Cc1ccccc1)NC(=O)OC1CCOC1)S(=O)(=O)c1ccc(N)cc1,1,Training
O=c1[nH]cc(F)c(=O)[nH]1,0,Training
Cc1cc(C)nc(NC(=O)NS(=O)(=O)c2ccccc2C(=O)OC2COC2)n1,1,Training
Cc1ccc(-n2nccn2)c(C(=O)N2CCN(c3nc4cc(Cl)ccc4o3)CCC2C)c1,0,Training
CCCCCN(C)CCC(O)(P(=O)(O)O)P(=O)(O)O,1,Training
COc1ccc(C2Oc3cc(O)cc(O)c3C(=O)C2C2C(=O)c3c(O)cc(OC)cc3OC2c2ccc(OC)cc2)cc1,1,Training
C#CC1(O)CCC2C3CC=C4CC(=O)CCC4C3C(=C)CC21CC,0,Training
COc1ccc2[n-]c([S+]([O-])Cc3ncc(C)c(OC)c3C)nc2c1,1,Training
OCC1OC(OC2(CO)OC(CO)C(O)C2O)C(O)C(O)C1O,0,Training
CC(CCc1ccccc1)NCC(O)c1ccc(O)c(C(N)=O)c1,0,Training
O=C(O)CN1CCN(CC(=O)O)CCN(C(CO)C(O)CO)CCN(CC(=O)O)CC1,0,Training
CC=C(C)C(=O)OC1C(OC(C)=O)C2(CO)C(O)CC3(C)C(=CCC4C5(C)CCC(OC6OC(C(=O)O)C(OC7OC(CO)C(O)C(O)C7O)C(O)C6OC6OC(CO)C(O)C(O)C6O)C(C)(CO)C5CCC43C)C2CC1(C)C,1,Training
CN(N=O)C(=O)NC1C(O)OC(CO)C(O)C1O,1,Training
CCCC1(CCc2ccccc2)CC([O-])=C(C(CC)c2cccc([N-]S(=O)(=O)c3ccc(C(F)(F)F)cn3)c2)C(=O)O1,1,Training
CC(C=CC(=O)O)=CC(=O)O,0,Training
COc1cc(CC2COC(c3ccc(O)c(OC)c3)C2CO)ccc1O,0,Training
CC1CC2C3CC=C4CC(=O)C=CC4(C)C3(Cl)C(O)CC2(C)C1(OC(=O)c1ccco1)C(=O)CCl,0,Training
CC(=Cc1cccc(C(F)(F)F)c1)C(=O)NC1CC1,0,Training
CCOc1cc(C(CS(C)(=O)=O)N2C(=O)c3cccc(NC(C)=O)c3C2=O)ccc1OC,0,Training
CN1C(CSCC(F)(F)F)Nc2cc(Cl)c(S(N)(=O)=O)cc2S1(=O)=O,0,Training
CC=CC1=C(C(=O)O)N2C(=O)C(NC(=O)C(N)c3ccc(O)cc3)C2SC1,1,Training
NS(=O)(=O)c1cc2c(cc1C(F)(F)F)NCNS2(=O)=O,0,Training
CC1Cc2ccccc2N1NC(=O)c1ccc(Cl)c(S(N)(=O)=O)c1,1,Training
c1cc2c(c(NC3=NCCN3)c1)CCCC2,0,Training
COc1cc2c(cc1OC)C13CCN4CC5=CCOC6CC(=O)N2C1C6C5CC43,1,Training
CCCCOC(=O)C(C)Oc1ccc(Oc2ccc(C(F)(F)F)cn2)cc1,1,Training
CC1OC(OC2C(O)C(OCCc3ccc(O)c(O)c3)OC(COC3OC(CO)C(O)C(O)C3O)C2OC(=O)C=Cc2ccc(O)c(O)c2)C(O)C(O)C1O,0,Training
COc1cc2c(c(OC)c1OC)-c1c(cc(OC)c(OC)c1OC)CC(C)(O)C(C)C2,0,Training
Nc1nc(NC2CC2)c2ncn(C3C=CC(CO)C3)c2n1,1,Training
CC12CCC3c4ccc(O)cc4CC(CCCCCCCCC[S+]([O-])CCCC(F)(F)C(F)(F)F)C3C1CCC2O,0,Training
NCCCCC(NC(=O)C1CCCN1C(=O)C1CSSCC(NC(=O)CNC(=O)CNC(=O)CN)C(=O)NC(Cc2ccc(O)cc2)C(=O)NC(Cc2ccccc2)C(=O)NC(CCC(N)=O)C(=O)NC(CC(N)=O)C(=O)N1)C(=O)NCC(N)=O,0,Training
Cc1cccc2c3c(ccc12)C1=C(C(=O)C3=O)C(C)CO1,0,Training
COc1ccc2c(OC3CC4C(=O)NC5(C(=O)NS(=O)(=O)C6CC6)CC5C=CCCCCN(C)C(=O)C4C3)cc(-c3nc(C(C)C)cs3)nc2c1C,0,Training
CSC(=O)c1c(C(F)F)nc(C(F)(F)F)c(C(=O)SC)c1CC(C)C,1,Training
COc1ccc(C2Sc3ccccc3N(CCN(C)C)C(=O)C2OC(C)=O)cc1,0,Training
O=C(Nc1ccccc1)Nc1ccnc(Cl)c1,1,Training
COc1c(N2CC3CCCNC3C2)c(F)cc2c(=O)c(C(=O)O)cn(C3CC3)c12,1,Training
[NH-]C1CCCCC1[NH-],1,Training
CCc1cccc(CC)c1N(COC)C(=O)CCl,1,Training
CCOc1cc(CC(=O)NC(CC(C)C)c2ccccc2N2CCCCC2)ccc1C(=O)O,0,Training
CC(C)(C)C(=O)OCOP(=O)(COCCn1cnc2c(N)ncnc21)OCOC(=O)C(C)(C)C,1,Training
C#CCN(C)C(C)Cc1ccccc1,1,Training
CCCCNc1ccc(C(=O)OCCOCCOCCOCCOCCOCCOCCOCCOCCOC)cc1,0,Training
Nc1cc(Cl)c(NC2=NCCN2)c(Cl)c1,0,Training
CNC1C(=O)NC2Cc3ccc(cc3)Oc3cc4cc(c3OC3OC(C(=O)O)C(O)C(O)C3NC(=O)CCCCCCCCC(C)C)Oc3ccc(cc3Cl)C(O)C3NC(=O)C(NC(=O)C4NC(=O)C(NC2=O)c2cc(cc(O)c2Cl)Oc2ccc1cc2O)c1ccc(O)c(c1)-c1c(OC2OC(CO)C(O)C(O)C2O)cc(O)cc1C(C(=O)NCCCN(C)C)NC3=O,0,Training
COC1(NC(=O)Cc2cccs2)C(=O)N2C(C(=O)O)=C(COC(N)=O)CSC21,1,Training
CN(C)C1C(=O)C(C(N)=O)C(=O)C2(O)C(=O)C3C(=O)c4c(O)cccc4C(C)(O)C3CC12,1,Training
C=CC[N+]1(C2CC3C4CCC5CC(O)C(N6CCOCC6)CC5(C)C4CCC3(C)C2OC(C)=O)CCCC1,0,Training
O=[N+]([O-])OC1COC2C(O)COC12,0,Training
OC(c1ccc(Cl)cc1)(c1ccc(Cl)cc1)C(Cl)(Cl)Cl,1,Training
Nc1nc(Cl)nc2c1ncn2C1OC(CO)C(O)C1F,1,Training
C=c1c(C(=O)NCCN(CC)CC)c(C)[nH]c1=Cc1c(O)[nH]c2ccc(F)cc12,1,Training
COc1ccc2[nH]cc(CCNC(C)=O)c2c1,0,Training
CON=C(C1=NOCCO1)c1ccccc1Oc1ncnc(Oc2ccccc2Cl)c1F,1,Training
CN1C=CC=CC1=C=[NH+]O,0,Training
CC12C=CC(=O)C=C1C(F)CC1C3CC(O)C(O)(C(=O)CO)C3(C)CC(O)C12F,0,Training
CCCOC(=O)c1ccc(C(=O)OCCC)nc1,1,Training
CC1(C)C(C=C(Cl)Cl)C1C(=O)OCc1cccc(Oc2ccccc2)c1,0,Training
COc1ccc2cc1Oc1ccc(cc1)CC1c3cc(c(OC)cc3CCN1C)Oc1c(O)c(OC)cc3c1C(C2)N(C)CC3,1,Training
CC(=O)OC1COC(OC2CCC34CC35CCC3(C)C(C6(C)CCC(C(C)(C)O)O6)C(O)CC3(C)C5CC(OC3OC(CO)C(O)C(O)C3O)C4C2(C)C)C(OC(C)=O)C1O,0,Training
c1ccc2occc2c1,1,Training
C=CC(C)(C=Cc1ccc(O)cc1)CCC=C(C)C,1,Training
CC1c2cccc(O)c2C(=O)C2C(=O)C3(O)C(=O)C(C(N)=O)C(=O)C(N(C)C)C3C(O)C21,1,Training
CCCC(O)C=CC=CC=CC#CC#CCCCO,1,Training
COC1CC2CCC(C)C(O)(O2)C(=O)C(=O)N2CCCCC2C(=O)OC(C(C)CC2CCC(OCCO)C(OC)C2)CC(=O)C(C)=CC(C)C(O)C(OC)C(=O)C(C)CC(C)C=CC=CC=C1C,1,Training
O=C1Nc2ccc(Cl)cc2C(C#CC2CC2)(C(F)(F)F)O1,1,Training
O=c1[nH]c2ccccc2n1CCCN1CCC(n2c(=O)[nH]c3cc(Cl)ccc32)CC1,0,Training
O=c1[nH]cnc2[nH]ncc12,1,Training
O=C(O)CN(CCN(CC(=O)O)CC(=O)O)CCN(CC(=O)O)CC(=O)O.[In],0,Training
CC1C=CC=CC=CC=CC=CC=CC=CC(OC2OC(C)C(O)C(N)C2O)CC2OC(O)(CC(O)CC(O)C(O)CCC(O)CC(O)CC(=O)OC(C)C(C)C1O)CC(O)C2C(=O)O,1,Training
CCN1CC2(COC)C(O)CC(OC)C34C5CC6(O)C(OC)C(O)C(OC(C)=O)(C5C6OC(=O)c5ccccc5)C(C(OC)C23)C14,1,Training
CCC(C)(C)C(=O)OC1CC(C)C=C2C=CC(C)C(CCC3CC(O)CC(=O)O3)C21,1,Training
COc1ccc2[nH]c([S+]([O-])Cc3ncc(C)c(OC)c3C)nc2c1,1,Training
Nc1c(Cl)c(Cl)nc(C(=O)O)c1Cl,1,Training
CCOC(=O)CCC(=O)OC1C(OC2C(C)C(OC3CC(C)(OC)C(O)C(C)O3)C(C)C(=O)OC(CC)C(C)(O)C(O)C(C)C(=O)C(C)CC2(C)O)OC(C)CC1N(C)C,0,Training
CC1CCN(C(=O)CC#N)CC1N(C)c1ncnc2[nH]ccc12,0,Training
CN1C(=O)CN=C(c2ccccc2)c2cc(Cl)ccc21,1,Training
C[N+](C)(C)CCO,0,Training
COc1ccc(CC(C)(C)NCC(O)c2cc(O)cc3c2OCC(=O)N3)cc1,0,Training
CN1CCC(=C2c3ccccc3CCn3c(C=O)cnc32)CC1,0,Training
CC(NC(CCc1ccccc1)C(=O)O)C(=O)N1C(C(=O)O)CC2CCCCC21,1,Training
CCC1(O)C(=O)OCc2c1cc1n(c2=O)Cc2cc3c(CN(C)C)c(O)ccc3nc2-1,0,Training
CSCCC(NC(=O)C(Cc1ccc(OS(=O)(=O)O)cc1)NC(=O)C(N)CC(=O)O)C(=O)NCC(=O)NC(Cc1c[nH]c2ccccc12)C(=O)NC(CCSC)C(=O)NC(CC(=O)O)C(=O)NC(Cc1ccccc1)C(N)=O,0,Training
O=C(O)C(O)Cc1ccccc1,0,Training
Cc1ccc(F)cc1C(=O)Nc1ccc(C(=O)N2Cc3cccn3Cc3ccccc32)c(Cl)c1,0,Training
COc1ccc2c(c1)c(CC(=O)O)c(C)n2C(=O)c1ccc(Cl)cc1,1,Training
C=CCOC(=O)c1ccccc1C(=O)OCC=C,1,Training
CNC1CCc2cc(OC)c(OC)c(OC)c2-c2ccc(OC)c(=O)cc21,1,Training
Cc1onc(-c2c(Cl)cccc2Cl)c1C(=O)NC1C(=O)N2C1SC(C)(C)C2C(=O)O,1,Training
CCOCCn1c(N2CCCN(C)CC2)nc2ccccc21,0,Training
CCC(=O)OCC(=O)C1(OC(=O)CC)C(C)CC2C3C(Cl)C=C4CC(=O)C=CC4(C)C3C(O)CC21C,0,Training
Cc1cccc(C(C)c2c[nH]cn2)c1C,1,Training
CN1C(CCl)Nc2cc(Cl)c(S(N)(=O)=O)cc2S1(=O)=O,0,Training
CC(=O)NS(=O)(=O)c1ccc(N)cc1,0,Training
NCCC(O)C(=O)NC1CC(N)C(OC2OC(CN)CCC2N)C(O)C1OC1OC(CO)C(O)C(N)C1O,1,Training
O=C(O)CN(CC(=O)O)CC(=O)O,1,Training
CN1C2CCC1CC(OC(=O)c1c[nH]c3ccccc13)C2,0,Training
CC(=O)CC1(O)C(=O)C=C2C(=O)OC3C(OC(=O)c4cc(O)c(O)c(O)c4)OC4COC(=O)c5cc(O)c(O)c(O)c5-c5c(cc(O)c(O)c5O)C(=O)OC3C4OC(=O)c3cc(O)c(O)c4c3C2C1(O)O4,0,Training
CC12CCC(=O)C=C1CCC1C2C(=O)CC2(C)C1CCC2(O)C(=O)CO,0,Training
N=C(N)NC(=O)Cc1c(Cl)cccc1Cl,1,Training
CC(C)N(CCC(C(N)=O)(c1ccccc1)c1ccccn1)C(C)C,0,Training
NC(CSCSCC(N)C(=O)O)C(=O)O,1,Training
COc1ccc(C(CN(C)C)C2(O)CCCCC2)cc1,1,Training
Cn1c(=O)cc(N2CCCC(N)C2)n(Cc2ccccc2C#N)c1=O,0,Training
N=C(N)Nc1ccc(C(=O)Oc2ccc3cc(C(=N)N)ccc3c2)cc1,0,Training
CCn1c(O)c(-c2ccccc2)[nH]c1=O,0,Training
CC(=O)OC(CC(C)C1=C2CC(O)C3C4(C)CCC(=O)C(C)(C)C4CCC3(C)C2(C)CC1=O)C1OC1(C)C,1,Training
O=S(=O)(O)C(F)(F)C(F)(F)C(F)(F)C(F)(F)F,1,Training
CC=C(C)C(=O)OC1C(C)=CC23C(=O)C(=CC(CO)C(O)C12O)C1C(CC3C)C1(C)C,0,Training
Oc1ccc(Cl)cc1Cc1ccccc1,1,Training
Cc1ccc(C(=O)c2cc(O)c(O)c([N+](=O)[O-])c2)cc1,1,Training
C=C(C)C1C2OC(=O)C1C1(O)C3OC3C3(CO3)C1(C)C2O,1,Training
CC(C)(NC(=O)NCc1ccccc1Cl)c1ccccc1,1,Training
c1cnc2cc3c(cc2n1)C1CNCC3C1,1,Training
Nc1nc(C(CCC(=O)O)C(=O)N=C2C(=O)N3C(C(=O)O)=CCSC23)cs1,1,Training
CC(=O)C1(O)CCC2C3CC=C4CC(=O)CCC4(C)C3CCC21C,0,Training
CN(C)CCCC1(c2ccc(F)cc2)OCc2cc(C#N)ccc21,1,Training
CCOC(=O)COc1cc(-c2nn(C)c(OC(F)F)c2Cl)c(F)cc1Cl,1,Training
Cn1cc(-c2ccccc2)c(=O)c(-c2cccc(C(F)(F)F)c2)c1,1,Training
CCOC(=O)C1=NOC(c2ccccc2)(c2ccccc2)C1,1,Training
CN(C)c1ccc(O)c2c1=CC1CC3C([NH+](C)C)C(=O)C(C(N)=O)=C([O-])C3(O)C(=O)C1C=2[O-],1,Training
COC(=O)c1ccccc1S(=O)(=O)NC(=O)Nc1nc(OC(F)F)cc(OC(F)F)n1,1,Training
CC(=O)OC(C(O)CC(C)C1=C2CC(O)C3C4(C)CCC(=O)C(C)(C)C4CCC3(C)C2(C)CC1)C(C)(C)O,1,Training
NC1=NCC2c3ccccc3Cc3ccccc3N12,0,Training
CC(C)(Oc1ccc(CCNC(=O)c2ccc(Cl)cc2)cc1)C(=O)O,0,Training
CC1CCC2(C(=O)O)CCC3(C)C(=CCC4C5(C)CCC(O)C(C)(C)C5CCC43C)C2C1C,0,Training
OCC(O)c1oc(O)c(O)c1O,0,Training
CC(C)N=C(N)N=C(N)Nc1ccc(Cl)cc1,0,Training
COC(=O)C1=COC(OC2OC(CO)C(O)C(O)C2O)C2C1CC(O)C2C,0,Training
CCN(CC)CCCC(C)Nc1ccnc2cc(Cl)ccc12,0,Training
OB1OCc2cc(F)ccc21,0,Training
CCCCN1CC(O)C(O)C(O)C1CO,0,Training
COc1ccc2cc(CCC(C)=O)ccc2c1,1,Training
CC1=NS(=O)(=O)c2cc(Cl)ccc2N1,0,Training
CCS(=O)(=O)c1cccnc1S(=O)(=O)NC(=O)Nc1nc(OC)cc(OC)n1,1,Training
CC1CN(CC(Cc2ccccc2)C(=O)NCC(=O)O)CCC1(C)c1cccc(O)c1,0,Training
Cc1nc2n(c(=O)c1CCN1CCC(c3noc4cc(F)ccc34)CC1)CCCC2,1,Training
CC12CCC(=O)C=C1CCC1C3CCC(O)(C(=O)CO)C3(C)CC(O)C12F,0,Training
Nc1nc(=S)c2[nH]cnc2[nH]1,0,Training
C=C(C)C1CC=C(C)CC1,1,Training
CCCCCCC(O)CCCC(O)C1CCC(C2CCC(C(O)CCCCCCCCCCC3=CC(C)OC3=O)O2)O1,1,Training
CC1=NNC(=O)N(N=Cc2cccnc2)C1,1,Training
COC(=O)C1=C(C)N=C(C)C(C(=O)OC)C1c1ccccc1[N+](=O)[O-],0,Training
CCC1=CC2CN(C1)Cc1c([nH]c3ccccc13)C(C(=O)OC)(c1cc3c(cc1OC)N(C)C1C(O)(C(=O)OC)C(OC(C)=O)C4(CC)C=CCN5CCC31C54)C2,1,Training
CC(=O)OCC[N+](C)(C)C,0,Training
NC1CCCCN(c2c(F)cc3c(=O)c(C(=O)O)cn(C4CC4)c3c2Cl)C1,0,Training
CC1C=CC=CCCC=CC=CC=CC=CC(OC2OC(C)C(O)C(N)C2O)CC2OC(O)(CC(O)C(O)CCC(O)CC(O)CC(O)CC(=O)OC(C)C(C)C1O)CC(O)C2C(=O)O,0,Training
CNCCc1ccccn1,0,Training
CC1CC2C3CC(F)C4=CC(=O)C=CC4(C)C3(F)C(O)CC2(C)C1(O)C(=O)SCF,0,Training
Cc1cccn2c(=O)c(-c3nn[nH]n3)cnc12,0,Training
C=CC1=C(C)c2cc3[n-]c(cc4[n-]c(cc5nc(cc1n2)C(C)=C5C=C)c(C)c4CCC(=O)O)c(CCC(=O)O)c3C,1,Training
O=CC=Cc1ccccc1,0,Training
C=c1c(N)c(O)c2c(c1O)N1CC3NC3C1(OC)C=2COC(N)=O,1,Training
Nc1nc2ccc(OC(F)(F)F)cc2s1,1,Training
CCC=CCC=CCC=CCC=CCC=CCC=CCCC(=O)O,0,Training
COC(=O)C1(C)CCC2(C(=O)O)CCC3(C)C(=CCC4C5(C)CC(O)C(O)C(C)(CO)C5CCC43C)C2C1,1,Training
CCCCCOc1ccc(-c2cc(-c3ccc(C(=O)NC4CC(O)C(O)NC(=O)C5C(O)C(C)CN5C(=O)C(C(O)CC(N)=O)NC(=O)C(C(O)C(O)c5ccc(O)c(OS(=O)(=O)O)c5)NC(=O)C5CC(O)CN5C(=O)C(C(C)O)NC4=O)cc3)no2)cc1,1,Training
CN1CCCN=C1C=Cc1cccs1,0,Training
Oc1cccc(-c2c3nc(c(-c4cccc(O)c4)c4ccc([nH]4)c(-c4cccc(O)c4)c4ccc([nH]4)c(-c4cccc(O)c4)c4nc2CC4)C=C3)c1,0,Training
COC(=O)C1(C)CCC2(C(=O)O)CCC3(C)C(=CCC4C5(C)CC(O)C(OC6OCC(O)C(O)C6O)C(C)(CO)C5CCC43C)C2C1,1,Training
CCC(C)n1ncn(-c2ccc(N3CCN(c4ccc(OCC5COC(Cn6cncn6)(c6ccc(Cl)cc6Cl)O5)cc4)CC3)cc2)c1=O,1,Training
Cc1cccc(Nc2ccncc2S(=O)(=O)NC(=O)NC(C)C)c1,0,Training
O=c1ccc2ccccc2o1,1,Training
O=C(O)CCCc1ccccc1,1,Training
CCCCCCCCCCC(O)C1CCC(C2CCC(C(O)CCCCCCCCC(O)CC3=CC(C)OC3=O)O2)O1,1,Training
Cc1cc(C)cc(OCC2CNC(=O)O2)c1,0,Training
CN1COCN(Cc2cnc(Cl)s2)C1=N[N+](=O)[O-],1,Training
OCC1OC(O)C(F)C(O)C1O,0,Training
CN1CCCC1=O,1,Training
CNC(C)C1CCC(N)C(OC2C(N)CC(N)C(OC3OCC(C)(O)C(NC)C3O)C2O)O1,1,Training
NCCCCC(NC(CCc1ccccc1)C(=O)O)C(=O)N1CCCC1C(=O)O,0,Training
Nc1ccncc1,0,Training
CCCNCC(O)COc1ccccc1C(=O)CCc1ccccc1,1,Training
Cc1nn(-c2cc(NS(C)(=O)=O)c(Cl)cc2Cl)c(=O)n1C(F)F,1,Training
CCOCCP(CCOCC)CCP(CCOCC)CCOCC,0,Training
C=C1C2CCC3C4(C)CC(OC5OC(CO)C(OS(=O)(=O)O)C(OS(=O)(=O)O)C5OC(=O)CC(C)C)CC(C(=O)O)C4CCC3(C2)C1O,1,Training
CCOc1ccc(Cc2cc(C3OC(CO)C(O)C(O)C3O)ccc2Cl)cc1,1,Training
COc1cc(C2c3cc4c(cc3C(OC3OC5COC(c6cccs6)OC5C(O)C3O)C3COC(=O)C23)OCO4)cc(OC)c1O,1,Training
CCCCN(CC)c1c([N+](=O)[O-])cc(C(F)(F)F)cc1[N+](=O)[O-],1,Training
CC(C)OC(=O)C(C)(C)Oc1ccc(C(=O)c2ccc(Cl)cc2)cc1,1,Training
C=C1C(CO)C(O)CC1n1cnc2c(=O)[nH]cnc21,1,Training
CSC(=O)c1cccc2nnsc12,1,Training
CN1C(=O)CN=C(c2ccccc2F)c2cc([N+](=O)[O-])ccc21,0,Training
CCSC(=O)N1CCCCCC1,1,Training
COP(C)(=O)OC,1,Training
CN=C(NCc1cnc(Cl)s1)N[N+](=O)[O-],1,Training
COCC(=O)Nc1c(I)c(C(=O)NCC(O)CO)c(I)c(C(=O)N(C)CC(O)CO)c1I,1,Training
CC12CCC3c4ccc(O)cc4CCC3C1CCC2OC(=O)CCC1CCCC1,0,Training
CCOC(=O)C(C)Oc1ccc(Oc2nc3ccc(Cl)cc3o2)cc1,1,Training
Nc1nc(=O)c2ncn(COC(CO)CO)c2[nH]1,1,Training
Clc1ccc(CSC(Cn2ccnc2)c2ccc(Cl)cc2Cl)cc1,0,Training
CN1CCC(=C2c3ccccc3CCc3sccc32)CC1,0,Training
Oc1c(C2=CCC(c3ccc(Cl)cc3)CC2)c(O)c2ccccc2c1O,1,Training
Cc1ccc(-c2nc3ccc(C)cn3c2CC(=O)N(C)C)cc1,1,Training
OCCN(CCO)c1nc(N2CCCCC2)c2nc(N(CCO)CCO)nc(N3CCCCC3)c2n1,1,Training
CNS(=O)(=O)CCc1ccc2[nH]cc(C3CCN(C)CC3)c2c1,1,Training
CC12CCC(CC1)C(C)(C)O2,1,Training
CCC(=O)NCC1CC1c1cccc2c1CCO2,0,Training
CC(=O)C1(O)CCC2C3=C(C4=C(CC3)CC(=O)CC4)C(c3ccc(N(C)C)cc3)CC21C,0,Training
CC(C)(C#N)c1cc(Cn2cncn2)cc(C(C)(C)C#N)c1,0,Training
COc1ccccc1OCC(O)CN1CCN(CC(=O)Nc2c(C)cccc2C)CC1,1,Training
CC1OC(OC2C(CO)OC(OC3C(CO)OC(O)C(O)C3O)C(O)C2O)C(O)C(O)C1NC1C=C(CO)C(O)C(O)C1O,0,Training
OC1C=C2CCN3Cc4cc5c(cc4C(C1O)C23)OCO5,1,Training
CC(=O)OC1COC(OC2CCC34CC35CCC3(C)C(C6(C)CCC(C(C)(C)O)O6)C(O)CC3(C)C5CC(OC3OC(CO)C(O)C(O)C3O)C4C2(C)C)C(OC(C)=O)C1OC(C)=O,0,Training
Nc1nc(C(=O)NC(CO)C(=O)O)c(N)nc1C(=O)NC(CO)C(=O)O,0,Training
Cc1cc(Cl)ccc1OCC(=O)O,1,Training
CCC(C)C(=O)OC1CC(C)C=C2C=CC(C)C(CCC3CC(O)CC(=O)O3)C21,1,Training
CC12CC(C=O)C(=O)CC1CCC1C2CCC2(C)C1CCC2(C)O,0,Training
Oc1ccc(Cl)cc1Cl,1,Training
CC(C)=CCCC(C)=CC=O,1,Training
CON=C(C(=O)NC1C(=O)N2C(C(=O)OC(C)OC(C)=O)=C(COC(N)=O)CSC12)c1ccco1,1,Training
CCNc1nc(Cl)nc(NC(C)C)n1,1,Training
CC(C)C(N)C(=O)OCC(CO)OCn1cnc2c(=O)[nH]c(N)nc21,1,Training
Cc1cc2nc3c(=O)[nH]c(=O)nc-3n(CC(O)C(O)C(O)CO)c2cc1C,0,Training
[C-]#N.[C-]#N.[C-]#N.[C-]#N.[C-]#N.[C-]#N.[Fe+2],0,Training
CC12COC(=O)CC1CCC1C2CCC2(C)C1CCC2(C)O,0,Training
CCCCCCCCC=CCCCCCCCC(=O)O,0,Training
O=C1CC2(CCCC2)CC(=O)N1CCCCN1CCN(c2ncccn2)CC1,0,Training
CN=C(NCC1CCOC1)N[N+](=O)[O-],1,Training
CC(=O)N(O)CCCCCNC(=O)CCC(=O)N(O)CCCCCNC(=O)CCC(=O)N(O)CCCCCN,1,Training
CCc1cccc2c3c([nH]c12)C(CC)(CC(=O)O)OCC3,1,Training
CNC(=O)c1ccccc1Sc1ccc2c(C=Cc3ccccn3)[nH]nc2c1,0,Training
COc1nc(N)nc2c1ncn2C1OC(CO)C(O)C1O,1,Training
[CH2]CC=O,0,Training
CC1(C)SC(C(NC(=O)Cc2ccccc2)C(=O)NCCCCCC(=O)O)NC1C(=O)O,0,Training
C=CC1(C)CC(OC(=O)CSC2CC3CCC(C2)N3C)C2(C)C(C)CCC3(CCC(=O)C32)C(C)C1O,0,Training
C[N+](C)(C)CCOC(N)=O,0,Training
CCn1cc(C(=O)O)c(=O)c2cc(F)c(N3CCNC(C)C3)c(F)c21,1,Training
CCOP(=O)(SC(C)CC)N1CCSC1=O,1,Training
CNCCC(Oc1cccc2ccccc12)c1cccs1,1,Training
O=C1c2cccc3c2C(CCC3)CN1C1CN2CCC1CC2,0,Training
CC(C)(C)C(O)C(=Cc1ccc(Cl)cc1Cl)n1cncn1,1,Training
CC(c1nc(-c2ccc(C#N)cc2)cs1)C(O)(Cn1cncn1)c1cc(F)ccc1F,0,Training
Cc1cnc(NC(=O)C2=C([O-])c3ccccc3S(=O)(=O)N2C)s1,1,Training
COCCOCCOCCOCCOCCOCCOCCOCCOCCOCCOCCOCCOCCOCCOCCOCCOCCOCCOCCOCCOCCOCCOCCOCCOCCOCCOCCO,0,Training
Cc1coc2c1C(=O)C(=O)c1c-2ccc2c(C)cccc12,0,Training
O=C(O)CCNC(=O)c1ccc(N=Nc2ccc(O)c(C(=O)O)c2)cc1,1,Training
[C-]#N.[C-]#N.[C-]#N.[C-]#N.[C-]#N.[Fe].[N-]=O,0,Training
CC1CN(C2CCC(C#N)(c3ccc(F)cc3)CC2)CCC1(C(=O)O)c1ccccc1,0,Training
CC=C(C)C(=O)OC1CCC2(C)C3CCC4C5(O)CC(O)C6(O)C(CN7CC(C)CCC7C6(C)O)C5(O)CC42OC13O,1,Training
CN(C)C(=O)Nc1ccc(Cl)c(Cl)c1,1,Training
CC1CC2C3CC(F)C4=CC(=O)C=CC4(C)C3(F)C(O)CC2(C)C1(O)C(=O)CCl,0,Training
CCCCOC(=O)C(C)Oc1ccc(Oc2ccc(C#N)cc2F)cc1,1,Training
C[n+]1ccc(-c2cc[n+](C)cc2)cc1,1,Training
C#CCOc1cc(-n2nc3n(c2=O)CCCC3)c(Cl)cc1Cl,1,Training
Cc1cc(C)c(NC(=O)CN(CC(=O)O)CC(=O)O)c(C)c1Br,0,Training
CC1(C)SC2C(NC(=O)C(C(=O)O)c3ccccc3)C(=O)N2C1C(=O)O,0,Training
N=C(N=C(N)NCCCCCCN=C(N)N=C(N)Nc1ccc(Cl)cc1)Nc1ccc(Cl)cc1,0,Training
COc1ccc2cccc(CCNC(C)=O)c2c1,0,Training
C=CCC1=CC(C)CC(C)CC(OC)C2OC(O)(C(=O)C(=O)N3CCCCC3C(=O)OC(C(C)=CC3CCC(O)C(OC)C3)C(C)C(O)CC1=O)C(C)CC2OC,1,Training
N#Cc1c(Cl)cccc1Cl,1,Training
COc1cc(C(=O)NS(=O)(=O)c2ccccc2C)ccc1Cc1cn(C)c2ccc(NC(=O)OC3CCCC3)cc12,0,Training
COC(=O)C1=COC(OC2OC(CO)C(O)C(O)C2O)C2C(CO)=CCC12,1,Training
Cc1ccc(S(=O)(=O)C(I)I)cc1,1,Training
Cc1nnc(SCC2=C(C(=O)O)N3C(=O)C(NC(=O)Cn4cnnn4)C3SC2)s1,1,Training
COC1CCC(=O)N1,0,Training
OCc1cc(C(O)CNCCCCCCOCCCCc2ccccc2)ccc1O,0,Training
CCOP(=S)(Oc1cnc(C(C)(C)C)nc1)OC(C)C,1,Training
CN1CCC23c4c5ccc(O)c4OC2C(=O)CCC3C1C5,0,Training
CCC(C)C(NC(=O)C(Cc1ccccc1)NC(=O)C(CCC(=O)O)NC(=O)C(CCC(=O)O)NC(=O)C(CS)NC(=O)C(CCC(N)=O)NC(=O)C(CCCN=C(N)N)NC(=O)C(NC(=O)C(Cc1ccccc1)NC(=O)C(NC(=O)C(CC(N)=O)NC(=O)C(Cc1ccccc1)NC(=O)C(Cc1ccccc1)NC(=O)C(Cc1c[nH]c2ccccc12)NC(=O)C(CCCNC(=N)N)NC(=O)C1CCCN1C(=O)C(Cc1cnc[nH]1)NC(=O)C(C)NC(=O)C(C)NC(=O)C(CCCNC(=N)N)NC(=O)C(CS)NC(=O)C1CCCN1C(=O)CNC(=O)C(CC(=O)O)NC(=O)C(CC(=O)O)NC(=O)C(C)NC(=O)C(CCCCN)NC(=O)C(Cc1ccccc1)NC(=O)C(C)NC(=O)C(CS)NC(=O)C(Cc1ccccc1)NC(=O)C(CO)NC(=O)C(Cc1cnc[nH]1)NC(=O)C(CCSC)NC(=O)C(C)NC(=O)C(N)CCC(=O)O)C(C)CC)C(C)O)C(=O)NC(Cc1ccc(O)cc1)C(=O)NCC(=O)NCC(=O)NC(CS)C(=O)NC(CCC(=O)O)C(=O)NCC(=O)NC(CC(N)=O)C(=O)NC(CCC(N)=O)C(=O)NC(CC(N)=O)C(=O)NC(CCCNC(=N)N)C(=O)NC(Cc1ccccc1)C(=O)NC(CCC(=O)O)C(=O)NC(CO)C(=O)NC(CC(C)C)C(=O)NC(CCC(=O)O)C(=O)NC(CCC(=O)O)C(=O)NC(CS)C(=O)NC(CCCCN)C(=O)NC(CCCCN)C(=O)NC(CCSC)C(=O)NC(CS)C(=O)NC(C(=O)NC(CCCNC(=N)N)C(=O)NC(CC(=O)O)C(=O)O)C(C)O,0,Training
CCCN1CC(CSC)CC2c3cccc4[nH]cc(c34)CC21,1,Training
Clc1ccc(C2(Cn3cncn3)CC(Br)CO2)c(Cl)c1,1,Training
CCCNC(C)C(=O)Nc1ccccc1C,0,Training
COc1cc(OC)nc(Sc2cccc(Cl)c2C(=O)O)n1,1,Training
CC(Oc1cc(-c2cnn(C3CCNCC3)c2)cnc1N)c1c(Cl)ccc(F)c1Cl,1,Training
CCNc1nc(Cl)nc(NCC)n1,1,Training
CN(C)N=Nc1[nH]cnc1C(N)=O,0,Training
CC(CC(=O)CC(C)C1CC(=O)C2(C)C3=C(C(=O)CC12C)C1(C)CCC(O)C(C)(C)C1CC3O)C(=O)O,0,Training
CCC(C)C(NC(=O)C(CC(C)C)NC(=O)C(CO)NC(=O)C(Cc1c[nH]cn1)NC(=O)C(NC(=O)C(CC(C)C)NC(=O)C(CO)NC(=O)C(NC(=O)C(Cc1ccc(O)cc1)NC(C)=O)C(C)O)C(C)CC)C(=O)NC(CCC(=O)O)C(=O)NC(CCC(=O)O)C(=O)NC(CO)C(=O)NC(CCC(N)=O)C(=O)NC(CC(N)=O)C(=O)NC(CCC(N)=O)C(=O)NC(CCC(N)=O)C(=O)NC(CCC(=O)O)C(=O)NC(CCCCN)C(=O)NC(CC(N)=O)C(=O)NC(CCC(=O)O)C(=O)NC(CCC(N)=O)C(=O)NC(CCC(=O)O)C(=O)NC(CC(C)C)C(=O)NC(CC(C)C)C(=O)NC(CCC(=O)O)C(=O)NC(CC(C)C)C(=O)NC(CC(=O)O)C(=O)NC(CCCCN)C(=O)NC(Cc1c[nH]c2ccccc12)C(=O)NC(C)C(=O)NC(CO)C(=O)NC(CC(C)C)C(=O)NC(Cc1c[nH]c2ccccc12)C(=O)NC(CC(N)=O)C(=O)NC(Cc1c[nH]c2ccccc12)C(=O)NC(Cc1ccccc1)C(N)=O,1,Training
CC1CNc2c(cccc2S(=O)(=O)NC(CCCN=C(N)N)C(=O)N2CCC(C)CC2C(=O)O)C1,1,Training
CC(=O)SC(C(=O)NC1Cc2ccccc2C2CCCC(C(=O)O)N2C1=O)C(C)C,1,Training
Nc1ccc(C(=O)NCC(=O)O)cc1,0,Training
Clc1ccc2nsnc2c1NC1=NCCN1,1,Training
COC(=O)N1CCC(CN2CCC(CNC(=O)c3cccc4[nH]c(C(C)C)nc34)CC2)CC1,0,Training
CC1=C2CC(=O)C=CC2(C)C2C(O)CC3(C)C(CCC3(O)C(=O)CO)C2C1,0,Training
CC(C)OC(=O)CCCC=CCC1C(O)CC(O)C1CCC(O)CCc1ccccc1,0,Training
COc1c(C)c2c(c(O)c1CC=C(C)CCC(=O)O)C(=O)OC2,1,Training
N=C(N)NCc1cccc(I)c1,0,Training
CCOc1nc2cccc(C(=O)OC(C)OC(=O)OC3CCCCC3)c2n1Cc1ccc(-c2ccccc2-c2nn[nH]n2)cc1,1,Training
Clc1ccc(Cl)cc1,1,Training
CON=C(C(=O)NC1C(=O)N2C(C(=O)O)=C(C[N+]3(C)CCCC3)CSC12)c1csc(N)n1,1,Training
COc1cc2c(c(OC)c1OC)-c1ccc(OC)c(=O)cc1C(NC(C)=O)CC2,1,Training
O=P1(N(CCCl)CCCl)NCCCO1,1,Training
CSCCC(NC(=O)C(CC(C)C)NC(=O)C(Cc1c[nH]c2ccccc12)NC(=O)C(CCC(N)=O)NC(=O)C(NC(=O)C(Cc1ccccc1)NC(=O)C(CC(=O)O)NC(=O)C(CCC(N)=O)NC(=O)C(C)NC(=O)C(CCCN=C(N)N)NC(=O)C(CCCNC(=N)N)NC(=O)C(CO)NC(=O)C(CC(=O)O)NC(=O)C(CC(C)C)NC(=O)C(Cc1ccc(O)cc1)NC(=O)C(CCCCN)NC(=O)C(CO)NC(=O)C(Cc1ccc(O)cc1)NC(=O)C(CC(=O)O)NC(=O)C(CO)NC(=O)C(NC(=O)C(Cc1ccccc1)NC(=O)C(NC(=O)CNC(=O)C(CCC(N)=O)NC(=O)C(CO)NC(=O)C(N)Cc1cnc[nH]1)C(C)O)C(C)O)C(C)C)C(=O)NC(CC(N)=O)C(=O)NC(C(=O)O)C(C)O,0,Training
CC(C)n1c(C=CC(O)CC(O)CC(=O)O)c(-c2ccc(F)cc2)c2ccccc21,1,Training
O=C(O)CN(CCN(CC(=O)O)CC(=O)O)CCN(CC(=O)O)CC(=O)O,0,Training
Cc1ccc(NC(=O)c2ccc(CN3CCN(C)CC3)cc2)cc1Nc1nccc(-c2cccnc2)n1,1,Training
N#Cc1c[nH]cc1-c1cccc2c1OC(F)(F)O2,1,Training
c1ccc2c(CC3=NCCN3)cccc2c1,0,Training
Cn1c(=O)c2[nH]cnc2n(C)c1=O,1,Training
O=C(C1CCCCC1)N1CC(=O)N2CCc3ccccc3C2C1,0,Training
O=Cc1ccco1,1,Training
NS(=O)(=O)c1cc(C2(O)NC(=O)c3ccccc32)ccc1Cl,0,Training
CC(=O)OC1=C2C(C)C(OC(=O)C(O)C(NC(=O)c3ccccc3)c3ccccc3)CC(O)(C(OC(=O)c3ccccc3)C3C4(OC(C)=O)COC4CC(O)C3(C)C1=O)C2(C)C,1,Training
CN=C1CN(O)C(c2ccccc2)=c2cc(Cl)ccc2=N1,0,Training
CCc1nc(N)nc(N)c1-c1ccc(Cl)cc1,0,Training
CCCCc1oc2ccc(NS(C)(=O)=O)cc2c1C(=O)c1ccc(OCCCN(CCCC)CCCC)cc1,0,Training
O=C(O)c1cc(O)c2c(c1)C(=O)c1cccc(O)c1C2=O,1,Training
COc1nc(C)nc(NC(=O)NS(=O)(=O)c2ccccc2OCCCl)n1,1,Training
ClCCCl,1,Training
NC(=O)N1c2ccccc2CC(O)c2ccccc21,0,Training
CCCCCCCC(=O)NC(CN1CCCC1)C(O)c1ccc2c(c1)OCCO2,0,Training
CC(C)N(C(=O)COc1nnc(C(F)(F)F)s1)c1ccc(F)cc1,1,Training
CN1C(=O)CC(=O)N(c2ccccc2)c2cc(Cl)ccc21,0,Training
CCCCC(F)(F)C1(O)CCC2C(CC(=O)C2CCCCCCC(=O)O)O1,0,Training
CN1CCCC1Cc1c[nH]c2ccc(CCS(=O)(=O)c3ccccc3)cc12,1,Training
Clc1ccc(CON=C(Cn2ccnc2)c2ccc(Cl)cc2Cl)c(Cl)c1,0,Training
CC(=O)N(c1onc(C)c1C)S(=O)(=O)c1ccc(N)cc1,1,Training
OCC1OC(n2cnc3c2N=CNCC3O)CC1O,1,Training
CC(C)(C(=O)c1cccnc1)c1cccnc1,0,Training
CCCCCOC(=O)Nc1nc(=O)n(C2OC(C)C(O)C2O)cc1F,1,Training
O=C(OC1CN2CCC1CC2)N1CCc2ccccc2C1c1ccccc1,1,Training
COC(=O)C(C)Oc1ccc(Oc2ccc(Cl)cc2Cl)cc1,1,Training
CC(C)N(C(=O)CCl)c1ccccc1,1,Training
CC(C)(ON=C(C(=O)NC1C(=O)N2C(C(=O)O)=C(C[n+]3ccccc3)CSC12)c1csc(N)n1)C(=O)O,1,Training
CCCCC(=O)N(Cc1ccc(-c2ccccc2-c2nn[nH]n2)cc1)C(C(=O)O)C(C)C,1,Training
CCC1(c2ccccc2)C(=O)NCNC1=O,0,Training
OCCO,1,Training
Nc1nc(=O)c2nc(CNc3ccc(C(=O)NC(CCC(=O)O)C(=O)O)cc3)cnc2[nH]1,0,Training
O=c1cc(-c2ccccc2)oc2cc(O)c(O)c(O)c12,0,Training
CC(=O)CC(C)(C)n1cnc2c(N)ncnc21,0,Training
Nc1nc(=O)n(C2CSC(CO)O2)cc1F,1,Training
O=[N+]([O-])c1ccc(O)c([N+](=O)[O-])c1,1,Training
CCCCC(=O)OC1(C(=O)CO)C(C)CC2C3CC=C4CC(=O)C=CC4(C)C3(F)C(O)CC21C,0,Training
CCC(C)C(NC(=O)C(Cc1ccccc1)NC(=O)C(CC(C)C)NC(=O)C(CCCN=C(N)N)NC(=O)C(NC(=O)C(C)NC(=O)C(CCC(=O)O)NC(=O)C(CCC(=O)O)NC(=O)C(CCC(=O)O)NC(=O)C(CCSC)NC(=O)C(CCC(N)=O)NC(=O)C(CCCCN)NC(=O)C(CO)NC(=O)C(CC(C)C)NC(=O)C(CC(=O)O)NC(=O)C(CO)NC(=O)C(NC(=O)C(Cc1ccccc1)NC(=O)C(NC(=O)CNC(=O)C(CCC(=O)O)NC(=O)CNC(=O)C(N)Cc1cnc[nH]1)C(C)O)C(C)O)C(C)C)C(=O)NC(CCC(=O)O)C(=O)NC(Cc1c[nH]c2ccccc12)C(=O)NC(CC(C)C)C(=O)NC(CCCCN)C(=O)NC(CC(N)=O)C(=O)NCC(=O)NCC(=O)N1CCCC1C(=O)NC(CO)C(=O)NC(CO)C(=O)NCC(=O)NC(C)C(=O)N1CCCC1C(=O)N1CCCC1C(=O)N1CCCC1C(=O)NC(CO)C(N)=O,1,Training
NC(CC(=O)N1CCn2c(nnc2C(F)(F)F)C1)Cc1cc(F)c(F)cc1F,1,Training
Clc1cccc(C(Cl)(Cl)Cl)n1,1,Training
CC=C1CC(C)C(C)(O)C(=O)OCC2=CCN3CCC(OC1=O)C23,1,Training
CC(C)=c1nc(N(C)S(C)(=O)=O)nc(-c2ccc(F)cc2)c1=CCC(O)CC(O)CC(=O)O,1,Training
CC(=O)NCCCS(=O)(=O)O,1,Test
Cc1nnc(C(=O)NC(C)(C)c2nc(C(=O)NCc3ccc(F)cc3)c([O-])c(=O)n2C)o1,1,Test
CSc1nnc(C(C)(C)C)c(=O)n1N,1,Test
Nc1ccc(O)cc1,1,Test
C#CC1(O)CCC2C3C(C)C=C4CC(=O)CCC4C3CCC21C,0,Test
COc1cc2c(cc1O)CCNC21CSC2c3c(OC(C)=O)c(C)c4c(c3C(COC1=O)N1C(O)C3Cc5cc(C)c(OC)c(O)c5C(C21)N3C)OCO4,0,Test
NCCC(O)C(=O)NC1CC(N)C(OC2OC(CN)C(O)C(O)C2O)C(O)C1OC1OC(CO)C(O)C(N)C1O,1,Test
Cc1ccc(C(=O)Nc2ccc(CN3CCN(C)CC3)c(C(F)(F)F)c2)cc1C#Cc1cnc2cccnn12,0,Test
CCCc1nc(C(C)(C)O)c(C(=O)O)n1Cc1ccc(-c2ccccc2-c2nn[nH]n2)cc1,1,Test
CCc1nn(CCCN2CCN(c3cccc(Cl)c3)CC2)c(=O)n1CCOc1ccccc1,1,Test
Cc1nc(-c2ccc(OCC(C)C)c(C#N)c2)sc1C(=O)O,1,Test
O=C(O)C1OC(Oc2cc3oc(-c4ccccc4)cc(=O)c3c(O)c2O)C(O)C(O)C1O,0,Test
Cc1ccc(-c2ncc(Cl)cc2-c2ccc(S(C)(=O)=O)cc2)cn1,1,Test
NC(C(=O)NC1C(=O)N2C(C(=O)O)=C(Cl)CSC12)c1ccccc1,1,Test
CC(=O)NC1C(O)OC(CO)C(O)C1O,1,Test
Clc1ccc(CCCOCCCN2CCCCC2)cc1,0,Test
C#CCNC1CCc2ccccc21,1,Test
OCCOCCN1CCN(C2=Nc3ccccc3Sc3ccccc32)CC1,1,Test
FC(F)OC(F)C(F)(F)F,1,Test
CON=C(C(=O)OC)c1ccccc1COc1ccccc1C,1,Test
CC(C)(OC1OC(CO)C(O)C(O)C1O)C1Cc2cc3ccc(=O)oc3cc2O1,1,Test
COc1ccnc(C[S+]([O-])c2nc3cc(OC(F)F)ccc3[nH]2)c1OC,1,Test
CC(C)CN(CC(O)C(Cc1ccccc1)NC(=O)OC1CCOC1)S(=O)(=O)c1ccc(N)cc1,1,Test
COc1cccc2c(O)c3c(c(O)c12)C(=O)C1=C(CC(O)(C(=O)CO)CC1OC1CC(N)C(O)C(C)O1)C3=O,1,Test
NC(=O)CCC(N)C(=O)O,1,Test
CCOC(=O)C1(c2ccccc2)CCN(C)CC1,0,Test
CC12CCC3C4=C(CCC3C1CCC2O)CC(=O)CC4,0,Test
CCCCOCN(C(=O)CCl)c1c(CC)cccc1CC,1,Test
CC(C)c1cccc(C(C)C)c1O,0,Test
C=C1C(=CC=C2CCCC3(C)C2CCC3C(C)CCCC(C)(C)O)CC(O)CC1O,0,Test
CCOC1Oc2ccc(OS(C)(=O)=O)cc2C1(C)C,1,Test
Cc1ccn2nc(S(=O)(=O)Nc3c(F)cccc3F)nc2n1,1,Test
CCCCc1nc(Cl)c(CO)n1Cc1ccc(-c2ccccc2-c2nn[nH]n2)cc1,1,Test
CNC1C(O)C(NC)C2OC3(O)C(=O)CC(C)OC3OC2C1O,1,Test
Cc1ncc2n1-c1ccc(Cl)cc1C(c1ccccc1F)=NC2,0,Test
COc1cc2c(cc1OC)CC(=O)N(CCCN(C)CC1Cc3cc(OC)c(OC)cc31)CC2,0,Test
NCCCCC(NC(CCc1ccccc1)C(=O)O)C(=O)N1CCCC1C(=O)O,1,Test
C=C1CCN(C(C)C(O)(Cn2cncn2)c2ccc(F)cc2F)CC1,0,Test
COCCOC(=O)NCC(=O)NC1C(O)CC(OCC2OC(OC(C)C(N)C(=O)O)C(NC(C)=O)C(O)C2O)(C(=O)O)OC1C(O)C(O)CO,0,Test
NC1=NC(O)C2C3OC4(O)OC(C(O)C2(N1)C4O)C3(O)CO,1,Test
CC(O)C(O)C1CNc2nc(N)nc(N)c2N1,0,Test
OCC1OC(OC2(CCl)OC(CCl)C(O)C2O)C(O)C(O)C1Cl,1,Test
COc1ccc2cc(C(C)C(=O)O)ccc2c1,0,Test
Cc1cccc(CN2CCN(C(c3ccccc3)c3ccc(Cl)cc3)CC2)c1,0,Test
CCC=CCC(=O)NC(Cc1ccc(O)cc1)C(=O)NC(C)C(=O)NC(CC(=O)O)C(=O)NC(C)C(=O)NC(C(=O)NC(Cc1ccccc1)C(=O)NC(C(=O)NC(CC(N)=O)C(=O)NC(CO)C(=O)NC(Cc1ccc(O)cc1)C(=O)NC(CCCN=C(N)N)C(=O)NC(CCCCN)C(=O)NC(C(=O)NCC(=O)NC(CC(C)C)C(=O)NC(CCC(N)=O)C(=O)NC(CC(C)C)C(=O)NC(CO)C(=O)NC(C)C(=O)NC(CCCNC(=N)N)C(=O)NC(CCCCN)C(=O)NC(CC(C)C)C(=O)NC(CC(C)C)C(=O)NC(CCC(N)=O)C(=O)NC(CC(=O)O)C(=O)NC(C(=O)NC(CCSC)C(=O)NC(CO)C(=O)NC(CCCNC(=N)N)C(=O)NC(CCC(N)=O)C(=O)NCC(=O)NC(CCC(N)=O)C(=O)NC(CCC(=O)O)C(=O)NC(CO)C(=O)NC(CC(N)=O)C(=O)NC(CCC(N)=O)C(=O)NC(CCC(=O)O)C(=O)NC(CCCNC(=N)N)C(=O)NC(C)C(=O)NCC(=O)NC(CCCNC(=N)N)C(=O)NC(C)C(=O)NC(CCCNC(=N)N)C(=O)NC(CC(C)C)C(N)=O)C(C)CC)C(C)C)C(C)O)C(C)CC,0,Test
CC(C)OC(=O)C(C)NP(=O)(OCC1OC(n2ccc(=O)[nH]c2=O)C(C)(F)C1O)Oc1ccccc1,0,Test
CCCCCC(O)CCCCC(O)C1CCC(C2CCC(C(O)CCCCCCCCCCCCC3=CC(C)OC3=O)O2)O1,1,Test
O=C1CCCC2C3CCCN4CCCC(CN12)C34,1,Test
Cc1cn(C2CC(N=[N+]=[N-])C(CO)O2)c(=O)[nH]c1=O,1,Test
CC(C)C(=O)OCC(=O)C12OC(C3CCCCC3)OC1CC1C3CC=C4CC(=O)C=CC4(C)C3C(O)CC12C,0,Test
CC(C)(C)c1ccc(C(=O)O)cc1,1,Test
CC1CC2C3CC=C4CC(=O)C=CC4(C)C3(Cl)C(O)CC2(C)C1(O)C(=O)CO,0,Test
CC(Cc1cc2c(c(C(N)=O)c1)N(CCCO)CC2)NCCOc1ccccc1OCC(F)(F)F,0,Test
O=C(O)C(O)Cc1ccc(O)c(O)c1,0,Test
N=C(CCSCc1csc(N=C(N)N)n1)NS(N)(=O)=O,0,Test
Oc1c2c(c(O)n1CC1CCCCC1CN1CCN(c3nsc4ccccc34)CC1)C1CCC2C1,1,Test
CCOC(=O)C1=CC(OC(CC)CC)C(NC(C)=O)C(N)C1,0,Test
CN(C)CCOc1ccc(C(=C(CCCl)c2ccccc2)c2ccccc2)cc1,0,Test
CCC=CCC=CCC=CCC=CCC=CCCCC(=O)O,0,Test
CC1CC2C3CC=C4CC(=O)C=CC4(C)C3(F)C(O)CC2(C)C1(O)C(=O)CCl,0,Test
O=C1CCC(N2C(=O)c3ccccc3C2=O)C(=O)N1,1,Test
CN(C)c1nc(N(C)C)nc(N(C)C)n1,0,Test
Cc1ccsc1C(=CCCN1CCCC(C(=O)O)C1)c1sccc1C,1,Test
CCn1cc(C(=O)O)c(=O)c2ccc(C)nc21,0,Test
CCCCc1nc(C)c(CC(=S)N(C)C)c(=O)n1Cc1ccc(-c2ccccc2-c2nn[nH]n2)cc1,0,Test
CC1CC=CC=CC=CC=CC(OC2OC(C)C(O)C(N)C2O)CC2OC(O)(CC(O)CC3OC3C=CC(=O)O1)CC(O)C2C(=O)O,0,Test
CNC(C)C(O)c1ccccc1,1,Test
ClC1=C(Cl)C(Cl)(Cl)C(Cl)=C1Cl,1,Test
CC(C)Cc1ccc(C(C)C(=O)O)cc1,1,Test
CC(C)C(Nc1ccc(C(F)(F)F)cc1Cl)C(=O)OC(C#N)c1cccc(Oc2ccccc2)c1,1,Test
CCC1=CC(C)CC(C)CC(OC)C2OC(O)(C(=O)C(=O)N3CCCCC3C(=O)OC(C(C)=CC3CCC(Cl)C(OC)C3)C(C)C(O)CC1=O)C(C)CC2OC,0,Test
CCCC(NC(C)C(=O)N1C(C(=O)O)CC2CCCCC21)C(=O)O,1,Test
CCOC(=O)COc1cc(-n2ncc(C(F)(F)F)c(C)c2=O)c(F)cc1Cl,1,Test
COc1c(O)c(C)c(C=CC(C)=CCC=C(C)CCC=C(C)CCC=C(C)CCC=C(C)CCC=C(C)CCC=C(C)CCC=C(C)CCC=C(C)CCC=C(C)C)c(O)c1OC,0,Test
CCC=CCC=CCC=CCCCCCCCC(=O)O,0,Test
CCC1OC(=O)C(C)C(=O)C(C)C(OC2OC(C)CC(N(C)C)C2O)C(C)(OC)CC(C)C(=O)C(C)C2N(CCCCn3cnc(-c4cccnc4)c3)C(=O)OC12C,0,Test
CN(C)CCc1c[nH]c2ccc(CS(=O)(=O)N3CCCC3)cc12,0,Test
N#Cc1ccc2c(c1)N(CCCN1CCC(O)CC1)c1ccccc1S2,0,Test
NCCCCC1NC(=O)C(Cc2c[nH]c3ccccc23)NC(=O)C(c2ccccc2)NC(=O)C2CC(OC(=O)NCCN)CN2C(=O)C(Cc2ccccc2)NC(=O)C(Cc2ccc(OCc3ccccc3)cc2)NC1=O,0,Test
CCC(C)C1(CC)C(=O)NC(=O)NC1=O,0,Test
Nc1ncnc2c1ncn2CCOCP(=O)(O)O,1,Test
COCCCCC(=NOCC[NH3+])c1ccc(C(F)(F)F)cc1,1,Test
CC(C)OC(=O)CCCC=CCC1C(O)CC(O)C1C=CC(F)(F)COc1ccccc1,0,Test
COc1cc(O)c2c(c1)C(=O)c1cc(C)cc(O)c1C2=O,1,Test
NC(Cc1ccc(N(CCCl)CCCl)cc1)C(=O)O,0,Test
O=C(O)Cc1ccccc1Nc1c(Cl)cccc1Cl,0,Test
Nc1c(Cl)c(F)nc(OCC(=O)O)c1Cl,1,Test
CCC1(O)C(=O)OCc2c1cc1n(c2=O)Cc2cc3ccccc3nc2-1,1,Test
O=C(OC(C(=O)O)C(OC(=O)c1cc(O)c(O)c(O)c1)C1OC(=O)c2cc(O)c(O)c(O)c2-c2c(cc(O)c(O)c2O)C(=O)OCC1O)c1cc(O)c(O)c(O)c1,0,Test
CC(=O)NC1C(N=C(N)N)C=C(C(=O)O)OC1C(O)C(O)CO,0,Test
O=CCC(=O)CO,1,Test
COc1ccc(C(C)=O)c(O)c1,0,Test
COC(=O)c1c(C(F)F)nc(C(F)(F)F)c(C2=NCCS2)c1CC(C)C,1,Test
O=C(c1ccccc1)c1ccccc1,1,Test
CC1=CC(=O)c2c(O)cccc2C1=O,1,Test
CC1C(=O)CC2(C(C)C)CC12,1,Test
CCOc1ccc2c(c1)C(C)=CC(C)(C)N2,1,Test
COc1cc(NC(C)CCCN)c2ncccc2c1,0,Test
NS(=O)(=O)Cc1noc2ccccc12,1,Test
O=C([O-])CN(CCN(CC(=O)[O-])CC(=O)[O-])CCN(CC(=O)[O-])CC(=O)[O-],1,Test
CCC(=O)N(c1ccccc1)C1(COC)CCN(CCn2nnn(CC)c2=O)CC1,0,Test
COc1cc(NCc2ccc3nc(N)[nH+]c(N)c3c2C)cc(OC)c1OC,0,Test
CC12CC3CC(C)(C1)CC(N)(C3)C2,1,Test
Cc1ccc(-n2[nH]c(C)c(N=Nc3cccc(-c4cccc(C(=O)O)c4)c3O)c2=O)cc1C,0,Test
O=C(O)c1cc(-c2ccc(F)cc2F)ccc1O,1,Test
CNC(=O)Oc1ccc2c(c1)C1(C)CCN(C)C1N2C,0,Test
COP(=S)(OC)Oc1ccc(SC)c(C)c1,1,Test
CCCCC(=O)OC1(C(=O)CO)CCC2C3CC=C4CC(=O)CCC4(C)C3C(O)CC21C,0,Test
CN1CCN(C(=O)OC2c3nccnc3C(=O)N2c2ccc(Cl)cn2)CC1,1,Test
CC(=O)OCC1OC([S-])C(OC(C)=O)C(OC(C)=O)C1OC(C)=O,1,Test
CCS(=O)(=O)c1nc2ccccn2c1S(=O)(=O)NC(=O)Nc1nc(OC)cc(OC)n1,1,Test
CCC1OC(=O)C(C)C(OC2CC(C)(OC)C(O)C(C)O2)C(C)C(OC2OC(C)CC(N(C)C)C2O)C(C)(O)CC(C)C(=NOCOCCOC)C(C)C(O)C1(C)O,0,Test
CCCCCCCCCCNCCNC1(C)CC(OC2C(Oc3c4cc5cc3Oc3ccc(cc3Cl)C(O)C3NC(=O)C(NC(=O)C5NC(=O)C(CC(N)=O)NC(=O)C(NC(=O)C(CC(C)C)NC)C(O)c5ccc(c(Cl)c5)O4)c4ccc(O)c(c4)-c4c(cc(O)c(CNCP(=O)(O)O)c4O)C(C(=O)O)NC3=O)OC(CO)C(O)C2O)OC(C)C1O,1,Test
CC1(C)OC2CC3C4CC(F)C5=CC(=O)C=CC5(C)C4C(O)CC3(C)C2(C(=O)CO)O1,0,Test
CC(CS)C(=O)N1CCCC1C(=O)O,1,Test
CCC(C=CC(C)C1CCC2C3CC=C4CC(O)CCC4(C)C3CCC12C)C(C)C,0,Test
COc1c(C)c2c(c(O)c1CC=C(C)CCC(=O)OCCN1CCOCC1)C(=O)OC2,0,Test
COc1nc(NC(C)C)nc(NC(C)C)n1,1,Test
CC1(C(=O)O)CCC2(C)CCC3(C)C(=C2C1)CC(=O)C1C2(C)CCC(OC4OC(C(=O)O)C(O)C(O)C4OC4OC(C(=O)O)C(O)C(O)C4O)C(C)(C)C2CCC13C,1,Test
FC(F)(F)C(F)(F)C(F)(F)F,1,Test
Cc1nnc(C(=O)NC(C)(C)c2nc(C(=O)NCc3ccc(F)cc3)c(O)c(=O)n2C)o1,1,Test
C[N+]1(CC2CC2)CCC23c4c5ccc(O)c4OC2C(=O)CCC3(O)C1C5,0,Test
O=C(O)CO,1,Test
CCC(=O)OC(Cc1ccccc1)(c1ccccc1)C(C)CN(C)C,0,Test
NC(=O)N1c2ccccc2C=Cc2ccccc21,1,Test
COc1cc2ncnc(Nc3ccc(F)c(Cl)c3)c2cc1OCCCN1CCOCC1,0,Test
CCN1CCN(C(=O)NC(C(=O)NC2C(=O)N3C2SC(C)(C)C3C(=O)O)c2ccccc2)C(=O)C1=O,1,Test
CC(CCCC(CO)CO)C1CCC2C3C(O)CC4CC(O)CCC4(C)C3CC(O)C12C,1,Test
O=C(O)c1ccc2nc(-c3cc(Cl)cc(Cl)c3)oc2c1,0,Test
CC(C)(ON=C(C(=O)NC1C(=O)N2C(C(=O)[O-])=C(C[n+]3ccccc3)CSC12)c1csc(N)n1)C(=O)O,1,Test
COC(F)(F)C(Cl)Cl,1,Test
COc1cc2c(cc1OC)C(=O)C(CC1CCN(Cc3ccccc3)CC1)C2,1,Test
CC(C)(C)NC(=O)C1CC2CCCCC2CN1CC(O)C(Cc1ccccc1)NC(=O)C(CC(N)=O)NC(=O)c1ccc2ccccc2n1,1,Test
COC(=O)C1=C(C)N=C(C)C(C(=O)OCCN(C)Cc2ccccc2)C1c1cccc([N+](=O)[O-])c1,0,Test
CCOC(=O)C(C)OC(=O)c1cc(Oc2ccc(C(F)(F)F)cc2Cl)ccc1[N+](=O)[O-],1,Test
C[N+](C)(C)CC(O)CC(=O)[O-],1,Test
Oc1ccccc1-c1ccccc1,1,Test
CCC(=O)C1(C)C(C)CC2C3CC=C4CC(=O)C=CC4(C)C3C(O)CC21C,0,Test
CCC(=O)OC1(C(=O)CO)C(C)CC2C3CC=C4CC(=O)C=CC4(C)C3(Cl)C(O)CC21C,0,Test
C=CCC1(C(C)CCC)C(=O)NC(=O)NC1=O,0,Test
CCCCCCCCCCCCC(O)C1CCC(C(O)CCCCCCCCCCC(O)CC2=CC(C)OC2=O)O1,1,Test
Brc1c(NC2=NCCN2)ccc2nccnc12,0,Test
CC(=O)OC(C)C[N+](C)(C)C,0,Test
O=C(O)c1cc(O)c(O)c(O)c1,0,Test
O=C1N=C(c2ccccc2)c2cc(Cl)ccc2NC1O,1,Test
N#Cc1ccccc1-c1cc(-c2ccccn2)cn(-c2ccccc2)c1=O,0,Test
CC1Oc2ccc(C(C)(C)C)cc2O1,0,Test
Cc1nsc(-c2nnc3n2CCN(C(=O)c2ccc(F)cc2)C3C)n1,0,Test
COc1cc(C2c3cc4c(cc3C(O)C3COC(=O)C23)OCO4)cc(OC)c1OC,1,Test
COC1(NC(O)=c2sc(=C(C(N)=O)C(=O)O)s2)C(=O)N2C(C(=O)O)=C(CSc3nnnn3C)CSC21,1,Test
CC(O)=NO,0,Test
COc1ccccc1N,1,Test
O=C1NC(c2ccccc2)(c2ccccc2)C(=O)N1COP(=O)([O-])[O-],1,Test
CC(C)(C(=O)O)c1ccc(C(O)CCCN2CCC(C(O)(c3ccccc3)c3ccccc3)CC2)cc1,0,Test
Cc1ccc(C(=O)NC2C(=O)NC(C(C)C)C(=O)N3CCCC3C(=O)N(C)CC(=O)N(C)C(C(C)C)C(=O)OC2C)c2c1Oc1c(C)c(O)c(N)c(=C(O)N=C3C(=O)NC(C(C)C)C(=O)N4CCCC4C(=O)N(C)CC(=O)N(C)C(C(C)C)C(=O)OC3C)c1=N2,0,Test
O=C1CC=C2C3CC4N(CCC45c4ccccc4N1C25)CC3=CCO,1,Test
COc1ccc2c(c1)C13CCCCC1C(C2)N(C)CC3,0,Test
O=S(=O)(Nc1ccccc1)c1cccc(C=CC(O)=NO)c1,0,Test
OCC1OC(c2ccc(Cl)c(Cc3ccc(OC4CCOC4)cc3)c2)C(O)C(O)C1O,1,Test
COC1C(CO)OC(OCC2OC(OC3C(CO)OC(C)C(O)C3O)C(O)C(O)C2OC2OC(CO)C(OC)C(O)C2OCCO)C(O)C1O,0,Test
CCOC(=O)C(CCc1ccccc1)NC(C)C(=O)N1C(C(=O)O)CC2CCCC21,1,Test
CC12CCC3c4ccc(OS(=O)(=O)O)cc4CCC3C1CCC2=O,0,Test
O=C(O)CNC(=O)CNC(=O)CNC(=O)CSC(=O)c1ccccc1,0,Test
COc1cc(CNCCC2CCOCC2)ccc1Oc1cnc(C(N)=O)cn1,0,Test
CCN(CC)C(=O)c1cccc(C)c1,1,Test
CCN(C)C(=O)Oc1cccc(C(C)N(C)C)c1,1,Test
NCCCC(O)(P(=O)(O)O)P(=O)(O)O,0,Test
O=[N+]([O-])c1ccc(-c2csc(CCl)n2)cc1,0,Test
COC(=O)NC(C(=O)NC(Cc1ccccc1)C(O)CN(Cc1ccc(-c2ccccn2)cc1)NC(=O)C(NC(=O)OC)C(C)(C)C)C(C)(C)C,1,Test
c1ccc2c(c1)CCCC2C1=NCCN1,0,Test
O=C(CCCN1CC=C(n2c(=O)[nH]c3ccccc32)CC1)c1ccc(F)cc1,0,Test
CC(C)(C)c1nc(-c2cccc(NS(=O)(=O)c3c(F)cccc3F)c2F)c(-c2ccnc(N)n2)s1,1,Test
NCCc1c[nH]cn1,0,Test
CCC1(O)CC2CN(CCc3c([nH]c4ccccc34)C(C(=O)OC)(c3cc4c(cc3OC)N(C)C3C(O)(C(=O)OC)C(OC(C)=O)C5(CC)C=CCN6CCC43C65)C2)C1,0,Test
Cc1coc2c1C(=O)C(=O)c1c-2ccc2c1CCCC2(C)C,0,Test
CC(=O)C1(O)CCC2C3CC(C)=C4CC(=O)CCC4(C)C3CCC21C,0,Test
OCC1OC(c2ccc(Cl)c(Cc3ccc(OC4CCOC4)cc3)c2)C(O)C(O)C1O,0,Test
CN(Cc1cnc2nc(N)nc(N)c2n1)c1ccc(C(=O)NC(CCC(=O)O)C(=O)O)cc1,1,Test
O=C(O)C1C(C(=O)O)C2(Cl)C(Cl)=C(Cl)C1(Cl)C2(Cl)Cl,1,Test
COc1cc2c(c(O)c1OC)-c1c(cc(OC)c(OC)c1OC)CC(C)C(C)C2,0,Test
O=c1[nH]c(=O)n(C2CC(O)C(CO)O2)cc1F,0,Test
C=C(CCC=C(C)C)C1CC=C(C)CC1,0,Test
O=P(O)(O)CCCl,1,Test
C=CC(=C)CCC=C(C)C,1,Test
CCNc1nc(NC(C)C)nc(SC)n1,1,Test
CNC1C(OC2C(OC3C(O)C(O)C(N=C(N)N)C(O)C3N=C(N)N)OC(C)C2(O)C=O)OC(CO)C(O)C1O,1,Test
CNC1CCC(c2ccc(Cl)c(Cl)c2)c2ccccc21,1,Test
CCOC(=O)c1ncn2c1CN(C)C(=O)c1cc(F)ccc1-2,0,Test
Nc1nc(=O)c2ncn(COCCO)c2[nH]1,1,Test
Nc1c(CC(=O)O)cccc1C(=O)c1ccc(Br)cc1,0,Test
CCCCC(CC)CO,1,Test
CSCCC(NC(=O)C(CO)NC(=O)C(Cc1ccc(O)cc1)NC(=O)C(N)CO)C(=O)NC(CCC(=O)O)C(=O)NC(Cc1c[nH]cn1)C(=O)NC(Cc1ccccc1)C(=O)NC(CCCNC(=N)N)C(=O)NC(Cc1c[nH]c2ccccc12)C(=O)NCC(=O)NC(CCCCN)C(=O)N1CCCC1C(=O)NC(C(=O)NCC(=O)NC(CCCCN)C(=O)NC(CCCCN)C(=O)NC(CCCNC(=N)N)C(=O)NC(CCCNC(=N)N)C(=O)N1CCCC1C(=O)NC(C(=O)NC(CCCCN)C(=O)NC(C(=O)NC(Cc1ccc(O)cc1)C(=O)N1CCCC1C(=O)NC(CC(N)=O)C(=O)NCC(=O)NC(C)C(=O)NC(CCC(=O)O)C(=O)NC(CC(=O)O)C(=O)NC(CCC(=O)O)C(=O)NC(CO)C(=O)NC(C)C(=O)NC(CCC(=O)O)C(=O)NC(C)C(=O)NC(Cc1ccccc1)C(=O)N1CCCC1C(=O)NC(CC(C)C)C(=O)NC(CCC(=O)O)C(=O)NC(Cc1ccccc1)C(=O)O)C(C)C)C(C)C)C(C)C,0,Test
COP(=O)(OC)C(O)C(Cl)(Cl)Cl,1,Test
CNS(=O)(=O)Cc1ccc2[nH]cc(CCN(C)C)c2c1,1,Test
CCOP(=O)(O)C(N)=O,1,Test
O=c1[nH]cnc2c1ncn2C1CCC(CO)O1,1,Test
NC(=O)N1CCC(CC(=O)N2CCC(C3c4ncc(Br)cc4CCc4cc(Cl)cc(Br)c43)CC2)CC1,1,Test
Cc1ccnc2c1NC(=O)c1cccnc1N2C1CC1,1,Test
O=C1CC2OCC=C3CN4CCC56c7ccccc7N1C5C2C3CC46,1,Test
CCN(CC)CCN1C(=O)CN=C(c2ccccc2F)c2cc(Cl)ccc21,0,Test
ClC=CCCl,1,Test
O=C(O)C1(C(=O)O)CCC1,0,Test
CCOc1nc2cccc(C(=O)O)c2n1Cc1ccc(-c2ccccc2-c2nn[nH]n2)cc1,1,Test
